rank,itemName,purchase_count,total_quantity
1,Akher Sugar -1kg,32,57.0
2,Beef Bone Full,28,53.15
3,ACI Pure Salt-1Kg,25,38.0
4,Green Chilli(kg),25,8.82
5,Prince Bread(Special)-400g,22,35.0
6,Wheel 2in1 Clean & Fresh Powder-1Kg,21,29.0
7,Shrimp Fish Bagda,21,24.97
8,Musur Pulse Kangaroo -1Kg (sp),19,29.0
9,Prince Lacha Samai-200g(Pkt),19,26.0
10,Tomato L.C(kg),18,11.84
11,Usta(kg),18,9.24
12,Milk Vita Liquid Milk-1Ltr,17,38.0
13,Teer Sugar-1Kg,17,30.0
14,Ladies Finger (Vendi)-kg,17,15.19
15,Onion Deshi(New)-kg,16,44.07
16,Vermicelli Samai-200gm,16,27.0
17,Parboil (Potol)-kg,16,20.35
18,Sweet Pumpkin(kg),16,17.27
19,Vim Bar Lemon-125gm,15,38.0
20,Chicken (B-Skin Less),15,25.27
21,Apple(Gala),15,21.86
22,Garlic China Big-(kg),15,18.77
23,Mug Pulse (Sona)-1kg,14,20.0
24,Chicken Deshi (Pakistani) Cock,13,32.0
25,Teer Atta 2kg,13,25.0
26,Snack Guard (Chichinga)-kg,13,10.94
27,Carrot (China)-kg,13,6.69
28,Bashundhara Atta-2kg,12,22.0
29,Akher Sugar -2kg,12,16.0
30,Net Pumpkin (Jali Kumra)-Pc,12,14.0
31,Chia Seed (Dana) New-100g,12,12.0
32,Potato Deshi New-1kg,11,30.49
33,Vim Bar 300g (Lemon),11,20.0
34,Radhuni Biriyani Masala-40g,11,16.0
35,Hilsha Fish Big-(MNK)-Pcs,11,15.0
36,Lassa Special Semai-500g(Pkt),11,14.0
37,Coca Cola-2.25Lt(Pet),11,12.0
38,Cucumber (Hybrid)-kg,11,9.76
39,Grapes (Red),11,7.03
40,Capsicum Green,11,2.56
41,Cow Stomach-K,10,19.81
42,Kolson Macarony-200gm All Flv.,10,17.0
43,Snickers Chocolate-50gm,10,17.0
44,Pran Aromatic Rice-2kg,10,15.0
45,Laitta Fish,10,14.91
46,Green Papaya(kg),10,14.74
47,Bashundhara Paper Napkin-100p,10,14.0
48,Sunsilk conditioner Perfect Straight-80m,10,14.0
49,Diploma Milk Powder-500g,10,13.0
50,Malta (Yellow)-kg,10,12.59
51,Cardmom-50gm(Alachi),10,12.0
52,Cinnamon-100g (Daruchine),10,12.0
53,Musur Pulse Deshi-1Kg,10,12.0
54,Apple Green,10,11.74
55,Cucumber Deshi (kg),10,10.62
56,Naspati(kg),10,9.71
57,Ginger Barmiz-(Kg),10,9.22
58,Borboti(kg),10,6.89
59,Cock Roast (Deshi)-PC,9,22.0
60,Rui Fish-M-(MNK),9,21.2
61,Kolson Vermicelli-200g,9,18.0
62,Jafran,9,16.0
63,Fresh Refined Sugar-1000gm,9,13.0
64,Cabbage-Pc,9,12.0
65,Shrimp Fish Small (THR),9,10.07
66,Cauliflower(B)-Pc,9,10.0
67,Mola Fish (THR),9,9.79
68,Lati Thik(Kg),9,7.75
69,Pomegranate (Mitulla)-B,9,7.44
70,Kachki Fish (THR),9,4.64
71,Grape White Small (IIndian),9,4.22
72,Chashi Aromatic Chinigura Rice-1Kg,8,20.0
73,Wheel Laundry Soap 125g,8,19.0
74,Mutton (Special)-Kg,8,18.11
75,Vim Dishwash Liquid- 250ml,8,16.0
76,Buldak Noodles (All),8,14.0
77,Bottle Guard Big(Lau)-Pc,8,13.0
78,Chicken (Deshi),8,12.04
79,Maggi Noodles Masala Taste-496g,8,12.0
80,Pabda Fish (Small) (HB),8,9.65
81,Tengra Fish,8,9.09
82,Aquafina Drinking Water- 500ml,8,9.0
83,Golden Raisin (Kismis)-200gm,8,9.0
84,Prince Dubli Pulse-1kg,8,9.0
85,Prince Sour Curd-500gm,8,9.0
86,Cassia Leaf-100gm (Tespata),8,8.0
87,Apple Fuji,8,7.73
88,Cow Lever-K,8,7.39
89,Poa Fish Small-(Deshi),8,6.4
90,Thai Papaya Ripe Red Lady,8,6.37
91,Brinjal Oval ( Tal Begun ) -kg,8,5.53
92,Onion LC New,7,18.02
93,Special Chinigura Rice-1Kg,7,15.0
94,Hot Pran Tomato Sauce-500gm,7,11.0
95,Shing Fish-(THR),7,11.0
96,Dragon Fruits (B),7,10.79
97,Rin Advanced-1000gm,7,10.0
98,Aarong Ghee 200g,7,9.0
99,Bele Fish Small,7,9.0
100,Easy Mix Roast Masala-35g,7,9.0
101,Milk Vita (Ghee)-200g,7,9.0
102,Prince Ovaltin Cake(B),7,9.0
103,Quality Premiun Paratha 20Pcs-1300g,7,9.0
104,Shole Fish Big (THR),7,8.96
105,B Toilet Tissue Extra Saving Pack 4Rolls,7,8.0
106,Coriander Leaf Pcs-100gm,7,8.0
107,Mirzapore Best Leaf Tea-400g,7,8.0
108,Pepsodent Gremichek+ Toothpaste-100gm,7,8.0
109,Eye Of Arum(Tall) (Kachurmukhi)-kg,7,7.81
110,Brinjal Long (Thin)-kg,7,7.52
111,Aarong Yogurt Sour Curd-500gm,7,7.0
112,Doodles Stick Noodles-300gm,7,7.0
113,Nescafe Classic Jar-25gm,7,7.0
114,Pusti Soyabean Oil-5Ltr,7,7.0
115,Radhuni Spices (Corinder)-100gm,7,7.0
116,Gulsha Fish(Small)-(HB),7,5.91
117,Chicken Deshi Cock (Live),6,16.0
118,Chira-500g,6,12.0
119,Tibet Ball Soap-130g,6,12.0
120,Mango Himsagor-kg,6,11.59
121,Rui Fish (S1)-(MNK),6,11.3
122,Prince Cone Mehedi,6,11.0
123,Prince Tiffin Bon,6,11.0
124,Aarong Pasturized FC Milk 1000ml,6,10.0
125,Chocolate Digestive 145gm,6,10.0
126,Kaveri Mehendi Cone 2pcs -25g,6,10.0
127,Bashun Paper Towel 1Ply- 250Pcs,6,9.0
128,Lifebuoy Liquid Total Hand Wash-170ml,6,9.0
129,Bacha Boot Pulse 1Kg,6,8.0
130,Bashundhara F Soyabean Oil-5L,6,8.0
131,Calender Pineapple,6,8.0
132,Golden Raising-100gm(Kismis),6,8.0
133,Lux Jasmine & Vitamin E Soap-150g,6,8.0
134,Mixed Masalla-100gm,6,8.0
135,Mr.Energy Biscuits-85gm,6,8.0
136,Prince Coconut-(pcs),6,8.0
137,Brinjal (Oval) Big-kg,6,7.14
138,Bas. Kitchen Towels 1Roll,6,7.0
139,Black Pepper(Chili)-50g,6,7.0
140,Boot Pulse(Broken)1Kg,6,7.0
141,Confidence Salt-1Kg,6,7.0
142,KurKure Cream & Onion 37gm,6,7.0
143,Meant Leaf (Pudina Leaf)- Pc,6,7.0
144,Radhuni Spices Cumin-100gm,6,7.0
145,Beef Without Bone Special,6,6.97
146,ACI Aerosol 475ml,6,6.0
147,China Jhilmil Majuni (4/23),6,6.0
148,Harpoon Toilet Cleaner- 750ml,6,6.0
149,Madina VIP Morium Dates-500gm,6,6.0
150,Maggi Soup Thai- 35g 4Pcs Combo,6,6.0
151,Prince Bread(Suger Free)-400g,6,6.0
152,Prince Plain Cake(B),6,6.0
153,Pusti Atta -2kg,6,6.0
154,Queens Burger Bread (BUN)- 250g,6,6.0
155,Radhuni Mustard Oil-500ml,6,6.0
156,Rin Advanced-2kg,6,6.0
157,Rupchanda Soyabean-5Ltr,6,6.0
158,Teer Soyabean Oil-1Ltr,6,6.0
159,Vim Dishwashing Liquid- 500ml,6,6.0
160,Korolla(Big)-kg,6,5.58
161,Tomato Sour Deshi-B (kg),6,5.38
162,Rupchanda(Small) (THR),6,4.35
163,Amra(kg),6,4.25
164,Madina VIP Morium Dates -Kg(Loose),6,3.45
165,Lemon Elachi-Pc,5,16.0
166,Aarong Pasturized Liquid Milk-1Ltr Reg.,5,13.0
167,Dhakna,5,13.0
168,Cocola Champion Biscuits-65g Choco,5,11.0
169,Rin Advanced-500gm,5,11.0
170,Mango Himsagor (Special)-kg,5,9.18
171,Belleame Digestive Biscuit- 135g,5,9.0
172,Bounce Choco Cream Biscuits-32gm,5,9.0
173,Poppers Corn-Coco Chips-25gm,5,9.0
174,Prince Cream Bread Bon,5,9.0
175,Rupchada Chinigura Rice 1kg,5,9.0
176,Pangas Fish Small (River),5,8.38
177,Cosco Soap-80gm,5,8.0
178,Fanta orange-1L,5,8.0
179,Fresh Atta-2kg,5,8.0
180,Fresh Toilet Value Pack 4 Pcs,5,8.0
181,Prince Square Toast-250gm,5,8.0
182,Tawa,5,8.0
183,Belleame Choco Little Biscuit-45gm,5,7.0
184,Bomby Chilli-5Pcs,5,7.0
185,Cumin-200gm,5,7.0
186,Fresh Salt Premium-1kg,5,7.0
187,Laita Shutki-200g,5,7.0
188,R.Chanachur Premium Mix-200g,5,7.0
189,Radhuni Kheer Mix 150gm,5,7.0
190,Teer Premium Lodized Salt- 1kg,5,7.0
191,Ch Water Pot M- (4/23),5,6.0
192,Chicken Spring Roll - 250gm,5,6.0
193,Fresh Paper Napkin 100pcs,5,6.0
194,Maggi 2min Masala-248g (Jumbo),5,6.0
195,Prince Betel Spice 100gm,5,6.0
196,Prince Noli Toast-250g,5,6.0
197,Prince Sour Curd-1kg,5,6.0
198,Radhuni Mejbani Beef masala-68g,5,6.0
199,Sun Chips Tomato Tango-75gm,5,6.0
200,White Kazu Badam(Special)-100gm,5,6.0
201,Aarong Butter Salted-100gm,5,5.0
202,Alu Bukhra-100g,5,5.0
203,CP Spicy Chicken Ball-500g,5,5.0
204,Deshi Paratha-1600g(Mega Family Pack),5,5.0
205,Fresh Ins. Noodles Masala (B2G1)-496gm,5,5.0
206,Fresh Soyabean Oil-1Lt.,5,5.0
207,G H. Premium Deshi Paratha-1300gm,5,5.0
208,Hot Mug,5,5.0
209,Kath Badam-100g,5,5.0
210,Lux Velvent Glow Jasmine Soap-100gm,5,5.0
211,Mirzapore Best Leaf-200gm,5,5.0
212,Pesta Nut-50g,5,5.0
213,Pran hot Tomato Sauce-1000gm Jar,5,5.0
214,Prince Vinegar(600ml),5,5.0
215,Puck Cream - 160gm,5,5.0
216,Queens Egg Bread- 125g,5,5.0
217,Queens Nun Bread- 250g,5,5.0
218,Radhuni Chatpati Masala 50Gm,5,5.0
219,Sunsilk Black Shine Shampoo-330ml,5,5.0
220,Vim Liquid Dish Wash-500ml,5,5.0
221,White bread Small-300gm,5,5.0
222,Orange (China) Net-kg,5,4.68
223,Banana Green Small-kg,5,3.72
224,Kakrol(kg),5,2.85
225,Prince Dragon Egg Noodles - 300gm,4,12.0
226,Motor Vaja-15g,4,11.0
227,Aarong Liquid Milk-1/2Ltr,4,10.0
228,Marks Cookies & Cream Flavour - 200ml,4,10.0
229,Mrigel Fish M,4,9.13
230,Knorr Thai Soup- 28g,4,9.0
231,Lemon(Colombo)-Pc,4,9.0
232,Pandan Kaya Bread- 225g,4,9.0
233,Mango Rupali (Special)-kg,4,8.08
234,Bashu. Toilet Tissue (White),4,8.0
235,Hilsha Fish-Medium-Pcs,4,8.0
236,Mr.Cookie- 39gm Small,4,8.0
237,Bele Fish (Big)-(MNK),4,7.17
238,Bashun Paper Towel - 250Pcs,4,7.0
239,Funtastic Ore Cream Biscuit-43gm,4,7.0
240,Hilsha Fish(Small)-Pcs(Sajah),4,7.0
241,Mr. Noodles Korean S Spicy- 248gm,4,7.0
242,Radhuni Garam Masala-40gm,4,7.0
243,Potato Bogura-1kg,4,6.04
244,Arla Dano Daily Pushti-500gm,4,6.0
245,Chepa Shutki-100gm,4,6.0
246,Funtastic Ore Cream Pineapple,4,6.0
247,G H. Chicken Shami Kabab - 250gm,4,6.0
248,Green Pumpkin-pc,4,6.0
249,Kazi Chicken Samosa-250g,4,6.0
250,Lux Soft Glow -35g (4pcs Combo),4,6.0
251,Mirzapur Tea Bag-100gm,4,6.0
252,Mola Shutki-100gm,4,6.0
253,NAJ Special Toast Biscuits -300gm,4,6.0
254,Perfumed Facial Tissue - 200Sheet,4,6.0
255,Piller,4,6.0
256,Sajeed ChocoMoo Chocolet-135g,4,6.0
257,Super Refined Naphthalene +/- 50P,4,6.0
258,Surf Exel 1KG Bye2 Get Vim 250ml Free,4,6.0
259,Teer Fortified Soyabean Oil 3Ltr,4,6.0
260,Teer Whole Wheat Atta 2Kg,4,6.0
261,Vim Dishwash Liquid- 1L,4,6.0
262,White Kazu Badam-50g,4,6.0
263,Belleame Golden Cremo Biscuit-90g,4,5.0
264,Chicken Meat Ball-250gm,4,5.0
265,Coca Cola-600ml(Pet),4,5.0
266,CP Chicken Hot Sausage- 400g,4,5.0
267,Cumin-100g,4,5.0
268,Dark Chocolate Digestive-130g,4,5.0
269,Dust Rice(Atob)-1KG,4,5.0
270,Ispahani Butterful Biscuit- 75g,4,5.0
271,Kinley Club Soda -600ml,4,5.0
272,KurKure Naughty Tomato 37gm,4,5.0
273,Maggi Masala Noodles 12Pcs-744g,4,5.0
274,Maggi Saad -E -Magic S Mix-48g,4,5.0
275,Olympic Nutty Biscuits 80g,4,5.0
276,Oreo Original Biscuits- 46.3/50gm,4,5.0
277,Prince Fresh Eggs Red (12Pcs Box),4,5.0
278,Radhuni Kabab Masla-50gm,4,5.0
279,Ramisa Papar-10Pcs,4,5.0
280,Rupchanda Soyabean-2Lt-PET,4,5.0
281,Starship Chocolate Milk-200ml,4,5.0
282,Teer Soya Oil 2Lt(Bottle),4,5.0
283,Teer Suji 500gm,4,5.0
284,Puti Fish (Deshi) (HB),4,4.22
285,Amon Rice -Kg (Lose),4,4.04
286,Piali Fish(Pachmishali),4,4.02
287,Aarong Sweet Yogurt-500gm,4,4.0
288,ACI Salt Bottle-750g,4,4.0
289,B.B Tazza Black Tea -400g,4,4.0
290,Baby Corn(Fesh),4,4.0
291,Barley For Eating-200gm,4,4.0
292,Bit Salt Powder- 80g Bottle,4,4.0
293,Brooke Bond Taaza Black Tea-200g,4,4.0
294,Brooke Bond Taaza Tea- 400gm,4,4.0
295,CBL Munchee Cream Chocolate Wafer-200g,4,4.0
296,CBL Munchee Nice Biscuit-230g (Premium),4,4.0
297,Ch. Water Pot-1000ml(05/23),4,4.0
298,China Car Toy(05/23),4,4.0
299,China Flower (4/23),4,4.0
300,China Knife Set-(5/23),4,4.0
301,China Toilet Brush (4/23),4,4.0
302,Dried Chilli-200gPkt,4,4.0
303,F Clarks Ess 28ml(Vanilla),4,4.0
304,Farm Fresh Butter-200gm Box (50X4pcs),4,4.0
305,Fay Facial Tis-150Pcs 300Sheets,4,4.0
306,Fresh Hand Towel- 250Pcs,4,4.0
307,Jhok Mok Dish Wash Bar 100g B3 G1,4,4.0
308,Nocilla Cocoa Spread-190g(cho),4,4.0
309,Olympic Salcoti Elachi Cookies-80gm,4,4.0
310,Pepsodent Crcol & L Toothpowder-100g,4,4.0
311,Pistachion-50gm(Pasta Dana),4,4.0
312,Prince Bread-800g (Special),4,4.0
313,Prince Special Chanachur-150gm,4,4.0
314,R.Spices(Chilli)-100g,4,4.0
315,R.Spices(Turmeric)200gm,4,4.0
316,Radhuni Kala Bhuna Masala 80gm,4,4.0
317,Saad Hot Tomato Sauce-500gm,4,4.0
318,Safe Hand Liquid Hand Wash 180ml B2 G1,4,4.0
319,Sagu-250g,4,4.0
320,Sajeeb Kolson Vermicelli Semai (B2G1),4,4.0
321,Sprite-1.25 Lt(Pet),4,4.0
322,Star Masalla--50g,4,4.0
323,Thai Guava,4,3.75
324,Magur Fish (THR),4,3.73
325,Telapia Fish Big (THR),4,3.73
326,Chicken Boneless-Kg,4,3.35
327,Pabda Fish (Big),4,2.92
328,Black Berry (Kalo Jam),4,1.9
329,Fresh Beet-Kg,4,1.44
330,Yum Muffin Cake,3,10.0
331,Mrigel Fish XL-(River),3,9.6
332,Mug Pulse (Sona)-500gm,3,9.0
333,Pigeon-1PC,3,9.0
334,Bisk Club Potata Biscuit- 100g,3,8.0
335,Fay Toilet tissue White-180Sheets,3,8.0
336,P.Drinko Float Lichi Drink-250ml,3,8.0
337,Jhinga(kg),3,7.82
338,Green Mango(kg),3,7.48
339,Mango Langra,3,7.36
340,Greens(Data Shak)-Pc,3,7.0
341,Lux Soft Glow Jasmine Soap-75gm,3,7.0
342,Mama Hot Noodles-496g,3,7.0
343,Chicken (B-Skin),3,6.6
344,Cheesy Bites-40gm,3,6.0
345,Cocola Egg Noodles-170g,3,6.0
346,Egg & Chicken Masala Noodles FG (Egg),3,6.0
347,Hit Chalk-1pcs,3,6.0
348,Odonil Air Freshner Lavender Meadows- 48gm,3,6.0
349,Olympic Energy Plus Malai Bis-45gm,3,6.0
350,UHT Chocolate Milk-200ml,3,6.0
351,Katol Fish Big,3,5.15
352,Bashu Facial Tissue 240Sheet,3,5.0
353,Black Fighter Max 10pis b,3,5.0
354,CBL Munchee Choco Kalo-100g,3,5.0
355,China Steel Majuni Single-(4/23),3,5.0
356,Dano Instant -500g Pack,3,5.0
357,Diploma Ins Milk Powder-1kg,3,5.0
358,Fun Crack- 50g,3,5.0
359,G. Naturals Bargundy-20ml,3,5.0
360,Harpic All in one Powder-400gm,3,5.0
361,Kewra / Rose Water,3,5.0
362,Knorr Chicken Hot & Sour Soup- 28g,3,5.0
363,Marks FCMP-500gm(F. Pack),3,5.0
364,Mediplus T/P -140gm DS,3,5.0
365,Meril Milk & Rose Soap 100gm,3,5.0
366,Misti Sob-100gm,3,5.0
367,Nut Meg 50g(Joy Fall),3,5.0
368,Pran Mango Bar-10Pcs,3,5.0
369,Prince Borhani-1.5Ltr,3,5.0
370,Prince Orange Jelly-250gm,3,5.0
371,RD Chocolate Milk -200ml,3,5.0
372,Sun Prawn Crackers Chips - 20gm,3,5.0
373,Sunshine Atta -2kg,3,5.0
374,Angelic Fresh 300ml(Citrus),3,4.0
375,Bashundhara Suji-500g,3,4.0
376,Buter Halua-300g,3,4.0
377,Cadbury Celebration-132g,3,4.0
378,Cardmom Big-50gm(Alachi),3,4.0
379,CBL Munchee Stix Choc.Wafer,3,4.0
380,Chaka Advanced Ball Soap-125gm,3,4.0
381,China Carpet Brush (4/23),3,4.0
382,China Peanut-200gm Pkt,3,4.0
383,Chola Pulse-1kg,3,4.0
384,CP Chicken Nugget-320g,3,4.0
385,D Korean Ramen 3X Spicy Noodles-248gm,3,4.0
386,Freedom Heavy Flow Wings-16pads,3,4.0
387,Garlic Powder-100g,3,4.0
388,H.Purifying Neem F/W-150ml,3,4.0
389,Hilsha Fish-XL-(MNK)-Pcs,3,4.0
390,Hubba Bubba Mega Gum-56gm,3,4.0
391,Kath Badam-50gm,3,4.0
392,Khondoker Sholar Jharu-02,3,4.0
393,Lemon White Detergent Powder B3G1 -500Gm,3,4.0
394,Lifeboy Liquid Hand Wash(Lemon F)-170ml,3,4.0
395,Mediplus Gel Paste-100gm,3,4.0
396,Mini Burger Bread-4pcs 160gm,3,4.0
397,Mixed Fruit Box - 250g,3,4.0
398,Muslim Masala Badam-100g,3,4.0
399,Mutton (Head),3,4.0
400,Mutton (Lever),3,4.0
401,Nutkao D S Cocoa & Hazelnuts-200g,3,4.0
402,Omega 3 Vitamin-E Egg-12pcs-T27,3,4.0
403,Prince Borhani-2Ltr,3,4.0
404,Prince Egg Noodles 300gm,3,4.0
405,Pure it Micro Fiber Mesh,3,4.0
406,Pusti Maida -2Kg,3,4.0
407,R.Chanachur Classic 100 gm,3,4.0
408,Radhuni Panchforon-50g,3,4.0
409,Radhuni Tehari Masala-45g,3,4.0
410,Raisin Sesame Bread- 320g,3,4.0
411,Sensodyne Toothbrush (Buy 2 Get 1),3,4.0
412,Seylon Gold Bland Tea Bag- 100g,3,4.0
413,Starship Cond. Milk 397g,3,4.0
414,Sun Chips Mix Masala-35gm,3,4.0
415,Trix Lemon Soap - 300g,3,4.0
416,Universe Khata Spiral-200page,3,4.0
417,Vaja Maskali Pulse-1kg,3,4.0
418,Vim Dishwashing Powder-500Gm,3,4.0
419,Ayir Fish (Small)-(HB),3,3.53
420,Potato Jam,3,3.18
421,Orange (Sa) Kg,3,3.08
422,Aarong Sliced Cheese Classic- 204g,3,3.0
423,Aci Pure Atta 2kg,3,3.0
424,AG Chicken Spicy Nuggets-250g,3,3.0
425,AG Mini Chicken Spring Roll-250g,3,3.0
426,AG Vegetable Spring Roll-400g,3,3.0
427,Belleame Cremo Biscuit- 90g,3,3.0
428,Black Cumin (Kalijira)-100gm,3,3.0
429,Burger Bread 2pcs Pack,3,3.0
430,C.N Chicken Sausage 300gm,3,3.0
431,Cardmom-100gm(Alachi),3,3.0
432,Center Fresh 20g,3,3.0
433,Chashi Aroma.Chinigura Rice-2kg,3,3.0
434,Chicken Samosa-250gm,3,3.0
435,Chicken Sausage-350gm,3,3.0
436,China Foam Majuni (4/23),3,3.0
437,China Spoon 6pcs Set(05/23),3,3.0
438,Cinnamon-200g (Daruchine),3,3.0
439,Cumin Powder-100gm,3,3.0
440,Dabur Red Paste-200gm,3,3.0
441,Dettol Cool Soap -125gm,3,3.0
442,Dust Black Pepper(Chili)-50g,3,3.0
443,Dust Boot (Bason)-500gm,3,3.0
444,Fast Wash Detergent Powder-1000g,3,3.0
445,Fortune KG Mustard Oil- 250ml,3,3.0
446,Fresh Facial Tissue 120p-240Sheet,3,3.0
447,Fresh Lexus Cracers-204 gm {B2G1},3,3.0
448,G.Aer Power Pocket GP Fresh Blossom-10g,3,3.0
449,Good Life Mozarella Cheese-370gm,3,3.0
450,Haiko Baking Soda-40gm,3,3.0
451,Harpic Power-500ml,3,3.0
452,Isubgool Pack-50g,3,3.0
453,Kazi & Kazi Green Tea-60gm,3,3.0
454,Kurkure Style Spicy Chicken-80gm,3,3.0
455,Lux Rose Soap-150gm,3,3.0
456,Lux Soft Skin Body Wash-245ml,3,3.0
457,Mace (Jotric) -50g,3,3.0
458,Madhuban Oval Paan Masla,3,3.0
459,Maggi Vegetable Soup 4Pcs-25gm,3,3.0
460,Methi-100Gm,3,3.0
461,Mixed Powder Masalla-100gm,3,3.0
462,Morium Speacial Date-1kg,3,3.0
463,Mountain Dew-600ml Pet,3,3.0
464,Muslim Jhinuk-200g,3,3.0
465,Nescafe Creamy Latte- 6Pcs-18g,3,3.0
466,Nutmeg Powder-20g,3,3.0
467,Odonil Air Freshner-50g Combo (40 OFF),3,3.0
468,Oregano Bottle-10gm,3,3.0
469,Parachute Coconut Oil-350ml,3,3.0
470,Plain Paratha 20Pcs - 1300gm,3,3.0
471,Polar Ice Cream Chocolate-1Ltr(Tub),3,3.0
472,Pop Corn(Khai Bhutta)-500gm,3,3.0
473,Prince Borhani-1000ml,3,3.0
474,Prince Khesari Pulse-1Kg,3,3.0
475,Pusti Deshi Red Lentils(Mushur Dal) -1Kg,3,3.0
476,Pusti Mustard Oil-250ml,3,3.0
477,Quality Plain Paratha 10Pcs-600gm,3,3.0
478,R. Flavouring Essence Vanilla-28ml,3,3.0
479,Radhuni Falooda Mix Vanilla-250gm,3,3.0
480,Radhuni Fish Cury Masla-100g,3,3.0
481,Ramdhoni-50gm,3,3.0
482,Red Chira -500gm,3,3.0
483,RFL Trim Square Container 200ml- Trans,3,3.0
484,Rok Liquid Dishwash-250ml(Buy2 Get1 Free),3,3.0
485,Ruchi Chanachur Hot-150gm,3,3.0
486,Ruchi Tomato Sauce-1000gm,3,3.0
487,Snickers -50gm(Buy 2 Get 1 Free),3,3.0
488,Spring Air Fershner Flora-300ml,3,3.0
489,Sprite-600ml (Pet),3,3.0
490,Surf Excel W Aloe Vera-1kg,3,3.0
491,Tang orange Flavoured Instant Drink Powder 75gm,3,3.0
492,Treseme Hair Fall Conditionar -190ml,3,3.0
493,Yeast-100gm,3,3.0
494,Yokozona Twisty Goodness Crackers-60g,3,3.0
495,Zipbag Sandwich 165mmX150mm,3,3.0
496,Shrimp Fish (River)kg,3,2.97
497,Bath Sponge (Dhundul)-kg,3,2.56
498,Tatkini Fish River(HB),3,2.48
499,Bata Fish(Small),3,2.36
500,Special Sugarcan Molasses,3,2.23
501,Beef Kima,3,2.21
502,Morium Special Dates-Kg(Loose),3,2.2
503,Shrimp Fish Golda(Medium)-(STR),3,2.19
504,Mixed Vegetable (Kg),3,1.85
505,Golda Fish XL,3,1.76
506,Sajna(kg),3,1.62
507,Tamarind Sora Special Wrapping,3,1.57
508,Topashi Fish-(MNK),3,1.28
509,Batashi Fish (HB),3,0.87
510,Rui Fish (XL)-(River),2,8.14
511,Lemon Kagoji-Pc,2,8.0
512,Watermelon Banglalink - Kg,2,7.79
513,Pran UHT Milk-200ml,2,7.0
514,Grass Curp Fish-(MNK),2,6.74
515,Chicken Soup (Deshi),2,6.0
516,Farlin Silicon Nipple in Jar Size-L,2,6.0
517,Pran Up 2Lt,2,6.0
518,Prince Tanduri chick. Noodles-180gm,2,6.0
519,Pusti Soyabean Oil-1Ltr Poly,2,6.0
520,Mutton(1),2,5.14
521,Bari-4 Mango,2,5.11
522,Arong UHT FC Milk-200ml (Fino),2,5.0
523,Asli Almol Kali Mehndi,2,5.0
524,CBL Munchee Lemon Wafer-100g,2,5.0
525,Diploma Ins Milk Powder-400g,2,5.0
526,Dry Shrimp Shutki Small-100gm,2,5.0
527,Jimmy Lollipop Chocolate- 11g,2,5.0
528,MP Thai Kakra Clip-022,2,5.0
529,Olympic Saltes Classic Biscuits-50g,2,5.0
530,Palletoss Gol Gappa 500gm,2,5.0
531,Queens Custard Bread- 90g,2,5.0
532,Radhuni Chilli Powder -200gm,2,5.0
533,Sandalina Sandal Soap-125gm,2,5.0
534,Sepnil Hand Wash Refil-170ml Tea Oil,2,5.0
535,T.Laundry Soap-130g (Green),2,5.0
536,Koral Fish(Big),2,4.37
537,Al- Ans Safavi Sp Dates-500gm,2,4.0
538,Banana Mocha-Pc,2,4.0
539,Bashundhara SoftToilet Tissue,2,4.0
540,China Hair Band -(5/23),2,4.0
541,China Hair Clip-(5/23),2,4.0
542,Dolphin Nata de Coco Drink (All)-270gm,2,4.0
543,Fresh Beet-Pc,2,4.0
544,Frutika Mango Fruit Drink-200ml,2,4.0
545,Kishwan Chocolate Cookies-250gm,2,4.0
546,Kit-Kat 2 Finger- Dubai-3 In 1,2,4.0
547,Knorr Soup-24gm,2,4.0
548,Lifebuoy Liquid Total Handwash -170ml,2,4.0
549,Lux Velvet Glow Soap-100g,2,4.0
550,Maggi Healthy Thai Soup-35g,2,4.0
551,Mama Hot & Spicy Cup Noodles-62g,2,4.0
552,Meril Splash Milk & Kiwi Soap-100gm,2,4.0
553,Milk Vita Labang-250ml,2,4.0
554,Mr.Noodles Easy Masala-8pcs,2,4.0
555,Olympic Digestive Biscuits-110g,2,4.0
556,Oreo Choco Creme Biscuits-43.75g,2,4.0
557,RD Coffee Cold Milk -200ml,2,4.0
558,Rupchanda Soya-1Ltr(PET),2,4.0
559,Savlon Lemon Burst Soap -100g,2,4.0
560,Sun Chips Garlic & Chili 38g,2,4.0
561,Sun Chips Wasabi-35g,2,4.0
562,Teer Masur Dal 1kg,2,4.0
563,UM Spoon-303 1pis,2,4.0
564,Katol Fish XXL (Kata),2,3.8
565,Ayir Fish (Medium )-(HB),2,3.58
566,Green Jack Fruit,2,3.45
567,Foli Fish,2,3.25
568,Aarong Cheese Cubes Classic-120g,2,3.0
569,Aarong Laban-500ml,2,3.0
570,Arla Dano Daily Pushti-1kg,2,3.0
571,BD Kheer Mix-150g,2,3.0
572,Beef Italian Sausage 280gm,2,3.0
573,CBL Munchee Choco-Mo White Chocolate100g,2,3.0
574,Ch.Coffee Mug-(4/23),2,3.0
575,Ch.Spoon Set 6 Pcs-(5/23),2,3.0
576,Chanachur(Special)-300gm,2,3.0
577,China Glass Jar (5/23),2,3.0
578,China Punch Clip(05/23),2,3.0
579,Close-Up Menthol Fresh-160g,2,3.0
580,Cocola Egg & Chicken Noodles - 500gn,2,3.0
581,Cocola Egg&Chicken Noodles-Family Pack,2,3.0
582,Cocola Salty Salted Bscuits- 100g,2,3.0
583,Cocola Wafer Roll Jar-325gm,2,3.0
584,Colgate Sttong Toothpaste-175gm,2,3.0
585,Dalpuri,2,3.0
586,Dark Fantasy Cho Fills-75g,2,3.0
587,Dettol Lqd HW-170ml Original (Refil),2,3.0
588,Dettol Soap 75g B3 G 30tk OFF,2,3.0
589,Dolphin Nata De Coco Cup(All Flv.)-270ml,2,3.0
590,F.C. Whipped Topping Mix-72gm,2,3.0
591,Fanta Orange Drink-250ml,2,3.0
592,Fanta Soft Drink- 600ml,2,3.0
593,Fresh Fun Fill (Chocolate) Biscuits-44g,2,3.0
594,Fruit Jam(Morobba)-200g,2,3.0
595,Fun Vannilla cake,2,3.0
596,Harpic Power T.Clen-750ml (Original),2,3.0
597,Ifad Eggy Inst. Noodles B2G1,2,3.0
598,Ifad Muri Toast - 350gm,2,3.0
599,Jhatpat Deshi Paratha (20P)-1300g,2,3.0
600,K Grisbi Biscuit-250gm,2,3.0
601,Kolson Special Lascha-200g,2,3.0
602,Layerr Shot Red Stalion BS-135Ml,2,3.0
603,Lifebuoy Liquid Care Hand Wash-170ml,2,3.0
604,London Boy Vest M-18,2,3.0
605,Maggi Noodles Masala Blast-504g 8 Pack,2,3.0
606,Maggi Soup 4Pcs Combo {All},2,3.0
607,Magica Choco Fills Cookies Biscuit-220gm,2,3.0
608,Man Kanchu(Deshi) 1Pc,2,3.0
609,Marks Milk Shake AS-125,2,3.0
610,Milk Vita Matha-250ml,2,3.0
611,Mouse Glue Trap,2,3.0
612,Nan Optipro 4-350gm,2,3.0
613,Olympic Daily Toast Biscuits-210gm,2,3.0
614,Olympic Tim Tim Pineapple Cream Bis-272g,2,3.0
615,Omega 3 Enriched Egg-12pcs-T03,2,3.0
616,P.Frooto Mango Juice-250ml,2,3.0
617,Polar Ice-Cream Kheer-1Ltr,2,3.0
618,Pran Chocolate Milk -200ml,2,3.0
619,Pran Premium Ghee(200g),2,3.0
620,Prince Vinegar-400ml,2,3.0
621,Pringles Cheesy Cheese-134g IDC,2,3.0
622,Pringles Potato Crisps -158g (All),2,3.0
623,Queens Kaya Bread- 90g,2,3.0
624,Qyality Egg Red (1 Dozen),2,3.0
625,Radhuni Beef Curry Masala- 100gm,2,3.0
626,Radhuni Kasundi-285ml,2,3.0
627,Ramisa-Jhal Nimki Pkt-200gm,2,3.0
628,RD Banana milk B2 G1-200ml,2,3.0
629,RD Coffee Milk B2 G1-200ml,2,3.0
630,Sajeeb Soft Drink Powder Orange -250gm,2,3.0
631,Sammi Mix Fruit -330ml,2,3.0
632,Savlon Wet Wipes 10Pcs,2,3.0
633,Savoy Ice Cream- 100ml (Shahi Kheer),2,3.0
634,Savoy Ice Cream-120ml ( Butter Scotch),2,3.0
635,Sepnil FS Hand Wash Apple-180ml (Refill),2,3.0
636,Shan Malay Chicken Biryani-60g,2,3.0
637,SKB Plate Both Side Mirror -24cm,2,3.0
638,Toi Moi Cho C Wafer Biscuits-1p,2,3.0
639,Treseme B Nourish & Rep. Shampoo-580ml,2,3.0
640,kalibaush Fish-Big (HB),2,2.63
641,Vangon Fish(Big),2,2.25
642,Potato Sweet-(kg),2,2.09
643,Aarong Sour Yogurt-500gm,2,2.0
644,ACI Aerosol-250ml,2,2.0
645,AD Plastic File Bag-012,2,2.0
646,Aer Spray Cool- 270ml,2,2.0
647,Aer Spray Fresh- 270ml,2,2.0
648,Akrut--50g,2,2.0
649,Alfa Mayonnaise-473ml,2,2.0
650,Aloe Vera Hair Oil 250ml,2,2.0
651,Alu Bukhra-200gm,2,2.0
652,Alupuri,2,2.0
653,Arla Sandwich Slice- 200gm,2,2.0
654,B.Paper Napkin (Perfumed)-80Pcs,2,2.0
655,Bakemans Choco Boost-250gm,2,2.0
656,Barley Arrarot-200mg,2,2.0
657,BD Chilli Powder (100gm),2,2.0
658,BD Food Hot/Jhal Chanacur-300gm,2,2.0
659,Belleame Dry Cake Biscuit-325gm,2,2.0
660,BFL Foil Container 6pcs-510ml,2,2.0
661,Bio Active Lavello Lip Th-3.2g,2,2.0
662,Black Variety Of Salt-200gm,2,2.0
663,Blue Lady Body Spary-200ml,2,2.0
664,Bragg Apple Cider Vinegar-473ml,2,2.0
665,Butter Toast Biscuit-200gm,2,2.0
666,C.N Plain Paratha 20pcs-1300gm,2,2.0
667,Cadbury Dairy Milk Silk Plain- 150gm,2,2.0
668,CBL Munchee Chocolate Wafer-100g,2,2.0
669,CBL Munchee P.Nice Biscuits 124g,2,2.0
670,CBL Munchee Vanilla Wafer-50g,2,2.0
671,Ch Balloon-20pcs pkt (5/23),2,2.0
672,Ch. Pencil Box (4/23),2,2.0
673,Ch.Ceramic Mug-Y11(4/23),2,2.0
674,Chaad Febrick Brightener-50ml,2,2.0
675,Chaka Washing Powder-1000g,2,2.0
676,Chanachur(Special)-350gm,2,2.0
677,Chat Masala-40gm,2,2.0
678,Chicken Nuggets-250g (Box & Poly),2,2.0
679,Chicken Spring Roll 10pcs,2,2.0
680,Chicken Tikka Kabab-10Pcs,2,2.0
681,China Basin Brush (4/23),2,2.0
682,China Body Majuni (05/23),2,2.0
683,China Cloth Clip 16.P Set (5/23),2,2.0
684,China Floor Mat (4/23),2,2.0
685,China Knife(5/23),2,2.0
686,China Party Balloon-20pcs (4/23),2,2.0
687,China PVC Ball (5/23),2,2.0
688,China Soft Ball (4/23),2,2.0
689,Chocolate Rice Cake Dec-50g,2,2.0
690,Chopstick Desi/Yumy Masala Noodles-4pack,2,2.0
691,Chowa Gamsa-521,2,2.0
692,Chui Jhall-100g,2,2.0
693,Clear Men Cool Menthol-170Ml,2,2.0
694,Closeup Green-100gm,2,2.0
695,CloseUp Toothpaste-100g,2,2.0
696,Coconut Craze-250gm,2,2.0
697,Colgate Active Salt Paste-200g,2,2.0
698,Colgate Charcoal Clean Toothpaste-120g,2,2.0
699,Colgate Max Fresh Toothpaste- 100ml All,2,2.0
700,Colgate Plax Com Care-250ml,2,2.0
701,Cotton Buds-200pcs,2,2.0
702,CP Chicken Stick-250g,2,2.0
703,Dan Cake-Fruit Cake 220gm,2,2.0
704,Danish Dry Cake Biscuits-350gm,2,2.0
705,Dettol Cool HW-170ml(Refil),2,2.0
706,Dettol Fresh Odour protection Lemon-125g,2,2.0
707,Dettol HW.170ml buy 2 Get Tiffin Box Free,2,2.0
708,Dettol Original Soap-125g,2,2.0
709,Dettol Soap B3 Get 30tk Off- 75 gm,2,2.0
710,Diamond Foil Paper-200/60 SQ,2,2.0
711,Discovery Peanut Butter S&C-510g,2,2.0
712,Dove Beauty Cream Bar- 90gm White,2,2.0
713,Dove intense repair Conditioner-170ml,2,2.0
714,Dove Nourishing Secrets Shampoo- 340ml,2,2.0
715,Dr R ORC. Hand Wash-300ml Pack,2,2.0
716,DR Ruchi mixed Fruit Jam 400gm,2,2.0
717,Dragon Durable Coil Lemon Flavour-10Pcs,2,2.0
718,Dry Cake 400gm(BK),2,2.0
719,Dry Puti Shutki 100gm,2,2.0
720,Dust White Pepper(Chili)-50g,2,2.0
721,Eggy Masala Noodles B2G1-400g,2,2.0
722,Eon Vegetable Singara- 400gm,2,2.0
723,Fair&Lovely Ayurvedic Care Cream-50g,2,2.0
724,Faysal Birthday Balloons- 04,2,2.0
725,Faysal Colour Balloon-04,2,2.0
726,Faysal Party Spray-06,2,2.0
727,Finis Insect Powder-40g,2,2.0
728,First Choice Salted Biscuits-180g,2,2.0
729,Fit Biscuite -130gm,2,2.0
730,Flat Noodles - 180gm {C. Masala},2,2.0
731,Fresh F. Tissue Perfumed 150Pcs 300Sheet,2,2.0
732,Fresh Insta Full cream Milk Powder-500gm,2,2.0
733,Fresh Maida-2kg,2,2.0
734,Fresh Premium Tea-400gm,2,2.0
735,Fry Pan Without Lid-16cm,2,2.0
736,Fry Pan Without Lid-22cm,2,2.0
737,Funtastic Hebby Energy Biscuits-200gm(B3G1),2,2.0
738,Funtastic Milk.M Biscuit-225gm(B3G1),2,2.0
739,Funtastic Nimok Halal Biscuit (B3G1),2,2.0
740,Funtastic Pineapple-200g+Cho-167g(B3G1),2,2.0
741,G H Deshi Paratha(Family pack)-1300gm,2,2.0
742,G.Aer Car Freshner Lavender Bloom-10gm,2,2.0
743,GH Chicken Meat Ball 400g,2,2.0
744,GH French Fries-500gm,2,2.0
745,Gillette Blue-II Razor,2,2.0
746,Gluco Max D- 200gm,2,2.0
747,Gluco Max D- 400g,2,2.0
748,Golap Pitha-5pcs Pkt,2,2.0
749,Good Life Mozzarella Cheese-200gm,2,2.0
750,Haiko Agar Agar-30g,2,2.0
751,Haiko Mace Powder-20g,2,2.0
752,Hand Fan,2,2.0
753,Haribo Happy Grapes Candy- 80g,2,2.0
754,Harpic 1Ltr + Lizol 1Ltr -60TK Off,2,2.0
755,Harpic Power Plus Toilet Cliner-1000ml,2,2.0
756,Himalaya Anti-Dandruff S&M Shampoo-375ml,2,2.0
757,Horlicks Classic Malt-450gm,2,2.0
758,HRC Clone Tea-400gm Poly,2,2.0
759,Hup Seng C Cracker - 225g,2,2.0
760,IDC Kelloggs Chocos-385g,2,2.0
761,IDC Pringles Original-134g,2,2.0
762,Ifad Kaju+Cho+D-220g B3 G1 Orange Free,2,2.0
763,Imperial Leather Soap-200g,2,2.0
764,Improved Jet- 200gm Pack,2,2.0
765,Improved Jet- 200gm Poly Pack,2,2.0
766,Ispahani Lexus Biscuit-150g,2,2.0
767,Jhatpat Paratha Low Fat-10Pcs,2,2.0
768,Jumbura Medium,2,2.0
769,Kachki Shutki-100gm,2,2.0
770,Kazi & Kazi Black Tea-80gm,2,2.0
771,Kazi Chicken Nuggets Original-250g,2,2.0
772,Kazi Chicken Spring Roll-250g,2,2.0
773,Kelloggs Chocos -110g,2,2.0
774,Kodomo Baby Shampoo-100ml All,2,2.0
775,KurKure Masala Manch 37gm,2,2.0
776,Lacys Aluminium Foil(45cmx7.6m)-37.5SFt,2,2.0
777,Legion Henna Powder-100gm Box,2,2.0
778,Longkou Rice Vermicelli- 250g,2,2.0
779,Lux Soft Glow Soap-100g,2,2.0
780,Maggi Masala Noodles Family Pack-992gm,2,2.0
781,Maltova BIB Pack 400gm,2,2.0
782,Marks FCMP-1Kg(F.Pack),2,2.0
783,Marks Milk Shake AS-200ml,2,2.0
784,Mediplus DS Toothpest-90g,2,2.0
785,Memory Jhinuk Pitha Pkt-200gm,2,2.0
786,Meril Baby T.Paste+Brush 45gm,2,2.0
787,Meril Splash Milk Soap-100gm,2,2.0
788,Milk Bread Small-300gm,2,2.0
789,Milk Soft Chewy Candy(B2-G1 Free)- 50g,2,2.0
790,Milk Vita Butter-200g,2,2.0
791,Miss & Mrs. Velvely Matte Lipstick 2.8g,2,2.0
792,Mixed Pulse-500gm,2,2.0
793,MP Baby Hair Clip -52,2,2.0
794,MP Hijab Pin -61,2,2.0
795,Mr. Energy Instant Biscuit-240gm,2,2.0
796,Muslim Dal Vaza-200g,2,2.0
797,Muslim Fish Papor-100g,2,2.0
798,Muslim Jhal Monekka-200g,2,2.0
799,Muslim Jhal Nimki-200g,2,2.0
800,Muslim Muri Moya-12Pcs,2,2.0
801,Nescafe 3in1-6Pcs-15g,2,2.0
802,Nido FCMP BIB-350g,2,2.0
803,Nutella-180g,2,2.0
804,Odomos Mosquito Cream-100g,2,2.0
805,Olympic Biscoti Cookies-80gm,2,2.0
806,Olympic Marie Gold Biscuits-190gm,2,2.0
807,Olympic Tim Tim Orange Bis-272g,2,2.0
808,Oregano Leaves- 10g,2,2.0
809,Oreo Chocolate Creme-133g,2,2.0
810,Oreo Chocolatey S. Biscuits-113.75g,2,2.0
811,Organikare(Pink Hand Wash +Refil)Combo,2,2.0
812,Panch Foron-100g,2,2.0
813,Parachute Advanced Oil-275ml,2,2.0
814,Parachute Coconut Hair Oil-200ml Jar,2,2.0
815,Parachute Skin Pure Aloe Vera Gel- 100ml,2,2.0
816,Parachute Skin Pure Olive Oil-200ml (2 in 1),2,2.0
817,Partex Cleen Toilet Tissue Super Soft,2,2.0
818,Pepsodent Gum Care-140g,2,2.0
819,Pepsodent Orange Toothpaste-45g,2,2.0
820,Pepsodent Strawberry Toothpaste-45g,2,2.0
821,Peticot,2,2.0
822,Polar Ice Cream Vanilla-1Ltr(Tub),2,2.0
823,Pran Aromtic Rice-5kg,2,2.0
824,Pran Dhaka Cheese-200gm,2,2.0
825,Pran Jhatpot Plain Paratha-1600g,2,2.0
826,Pran Jhotpot Chicken Lollipop- 400gm,2,2.0
827,Pran Orange Jelly-500g,2,2.0
828,Pran Vermicelli Samai-200gm,2,2.0
829,Pran Yogurt Sour Curd-500gm,2,2.0
830,Prince Baking Powder-150g,2,2.0
831,Prince Bread-800g (Big),2,2.0
832,Prince Fruits Cake(B),2,2.0
833,Prince Mixed Pulse-1Kg,2,2.0
834,Prince Peanut-500gm Pack,2,2.0
835,Prince Soya Sauce(500ml),2,2.0
836,Prince Super Vermichelli Semai-150gm,2,2.0
837,Prince Sweet Toast Biscut-400gm,2,2.0
838,Puffed Puffed Rice-250gm,2,2.0
839,Pusti HT Noodles M-220gm B2G1,2,2.0
840,Q Chicken Crispy Meat Ball-360g,2,2.0
841,Q Omega 3 Enriched Egg (1 Dozen),2,2.0
842,Quality Biscuts 400g Pot (Bk),2,2.0
843,Quality Smoked Chicken Salami-200g,2,2.0
844,Queens Butter Bun- 100g,2,2.0
845,R.Chanachur Bar-b-Q-500gm,2,2.0
846,R.Spices(Turmaric)-100g,2,2.0
847,Radhuni Kachchi Biriyani Masala-40g,2,2.0
848,Radhuni Vermicili Semai -200g,2,2.0
849,Ramisa Diabetes Murali-200gm,2,2.0
850,Ramisa Fri Chick Peas-200gm,2,2.0
851,Ramisa Mug Dal Vaja-200g,2,2.0
852,Ramisa-Nakshi Pitha Box-4 Pcs,2,2.0
853,RD Milk Mango-200ml,2,2.0
854,Remia Garlic (All)-250ml,2,2.0
855,Remia Salad Dressing- 250ml All,2,2.0
856,Revival Karak Masala Chai -200g,2,2.0
857,Roja Deshi Classic Paratha-1300gm,2,2.0
858,Roja Fish Sticks 10Pcs- 240g,2,2.0
859,Roja Shrimp Sticks- 240g,2,2.0
860,Roja Shrimp Tempura- 224g,2,2.0
861,Rooh Afza -750ml,2,2.0
862,Ruchi Orange Jam-480gm,2,2.0
863,Saad Monosodium G Foil Pack- 100g,2,2.0
864,Saad Sweet Chilli Sauce-340gm,2,2.0
865,Sajeeb Soya Sauce-300ml,2,2.0
866,Sajeeb Tomato Ketchup(340G),2,2.0
867,Sanjida Wooden Khunti-51,2,2.0
868,Savlon Baby Wipes 80Pcs,2,2.0
869,Savory Roast Masala- 35g,2,2.0
870,Sensitive Ex Pepsodent Toothpaste-80g,2,2.0
871,Sensodyne Fresh Gel Toothpaste-40g,2,2.0
872,Sensodyne Toothbrush Soft,2,2.0
873,Seylon Family Blend Tea-200g,2,2.0
874,Shammi Juice Drink (All)-250ml,2,2.0
875,Shamuk Pitha-Pkt,2,2.0
876,Sharpner -22,2,2.0
877,Shero Cream Biscut - 85gm,2,2.0
878,Shezan Corn Flakes-275gm,2,2.0
879,Sunshine Muri-500gm,2,2.0
880,Sunsilk Hijab Refresh Shampoo-330ml,2,2.0
881,Sunsilk Thick & Long Shampoo-330ml,2,2.0
882,Super Refined Naphthalene +/- 200g,2,2.0
883,Surf Excel Alov Vera Wash -1000g,2,2.0
884,Surf Excel With Aloe Vera wash-500g,2,2.0
885,Tal Misri (Sugar Candy)-200g,2,2.0
886,Teer Maida-2kg,2,2.0
887,Tibet Prickly Heat Powder-100gm,2,2.0
888,Tip Biscuit Super Saver Pack-200gm,2,2.0
889,Vegetable Spring Roll,2,2.0
890,Vita Juice -250ml,2,2.0
891,White Mustard-200gm,2,2.0
892,White Pepper(Chili)-50g,2,2.0
893,White Plus Toothpaste- 80gm,2,2.0
894,Wichy Organic E Virgin Coconut Oil-300ml,2,2.0
895,Wood Apple Big (Sorbot Bell),2,2.0
896,Yupi Twin Burger-53,2,2.0
897,Zess Cheese Cracker-153gm,2,2.0
898,Zipbag 20Bag 260mmX280mm,2,2.0
899,Tulardandy Fish Big-(MNK),2,1.93
900,Kaikka Fish (Sea),2,1.78
901,Poa Fish Small-(MNK),2,1.37
902,Grapes (American)-kg,2,1.13
903,Sammam Fruits -Kg,2,0.99
904,Ready Koi Fish Deshi Medium,2,0.88
905,Capsicum Red/Yellow(kg),2,0.58
906,Austrogram Cheese,2,0.41
907,Amul Milk Chocolate- 40gm,1,4.0
908,Banana(Sagor),1,4.0
909,Baqarah Pasteurized Milk- 1L,1,4.0
910,Mama Spicy Seafood Cup Noodles-65g,1,4.0
911,Motor Vaja-30g,1,4.0
912,Pran UHT Liquid Milk-1000ml,1,4.0
913,Sunfeast Bounce Biscuits-32g,1,4.0
914,Zerocal 25-Sachets,1,4.0
915,Katol Fish big-(MNK),1,3.99
916,Chitol Fish Medium-(MNK),1,3.46
917,Mrigel Fish Big-(MNK),1,3.41
918,Katol Fish XL-(River),1,3.12
919,Grass Curp Fish-kg,1,3.08
920,Boal Fish Medium (HB),1,3.03
921,AD Faber Castell Pencil HB/2B -1pis,1,3.0
922,AG Plain Paratha F. P-1300g (20pcs),1,3.0
923,Colgate Total Toothpaste-120gm,1,3.0
924,CP Chicken Italian Chilli Bologna- 340g,1,3.0
925,Cream Crackers Sug Free-125g,1,3.0
926,Food Container 930ml,1,3.0
927,Fortune BS ELG Basmati Rice 1kg,1,3.0
928,Fun:Chocolate Pound Cake-80gm,1,3.0
929,Khaleque Chocolate Mold-07,1,3.0
930,Kinder Joy Chocolate-20g (girls),1,3.0
931,KurKure Chili Chatka 37gm,1,3.0
932,Mama Shrim Tom Yum Noodles-60g,1,3.0
933,MP Safety Pin -01,1,3.0
934,Muslim Muruli -200g,1,3.0
935,Olympic Battery (Metalic)UM-3-1pcs,1,3.0
936,Olympic Premium Toast Biscuits-275gm,1,3.0
937,Oreo Choco Cream Biscuts-43.75gm,1,3.0
938,Oreo Original Biscuits-133g,1,3.0
939,Pran Mango Milk -200ml,1,3.0
940,Radhuni Fish Curry Masala-20g,1,3.0
941,Ramisa Nut(White)-200gm,1,3.0
942,Real Chocolate Wafer Roll-50gm,1,3.0
943,Ruchi Jhal Muri-30g,1,3.0
944,Shokti Misti Doi- 80g,1,3.0
945,Sunshine Maida -2kg,1,3.0
946,Wheel Soap -100gm,1,3.0
947,Mango(Gopal Bhog),1,2.79
948,Silver Curp,1,2.76
949,Karfu Fish Big,1,2.68
950,Water Melon Black- Kg,1,2.59
951,Mango Gobindo Vog,1,2.5
952,Chitol Fish-(MNK),1,2.44
953,Mango Hari Vanga-Kg,1,2.25
954,Sweet Green Mango,1,2.16
955,Katol Fish (Small)-(MNK),1,2.1
956,Katol River Fish XL-(Kata),1,2.1
957,Mango Bari-4-kg,1,2.09
958,Boal Fish (Big),1,2.08
959,Aarong Probiotic Yogurt-500gm,1,2.0
960,ACI Pure Chinigura Rice-1Kg,1,2.0
961,AD Ring Khata -300 Pages,1,2.0
962,AG Chicken Meat Ball Spicy-250g,1,2.0
963,AG French Fries-500g,1,2.0
964,Almas Pray Tupi- 06,1,2.0
965,Almas Tupi-07,1,2.0
966,Aluminium Foil Container 12pcs-510ml,1,2.0
967,Amul Kool Kesar FLV-150ml,1,2.0
968,Angelic Fresh 300ml(Orchid Breeze),1,2.0
969,Asif Bicycle Towel-24x48,1,2.0
970,Bakemans Lexus Biscuit-58gm,1,2.0
971,Bakemans Saltice Biscuit-50gm,1,2.0
972,Barchun Oyster Sauce-350ml,1,2.0
973,Barley Arrarot-400mg,1,2.0
974,Bashundhara Brown Atta-1kg,1,2.0
975,BD Ispaghula-45gm,1,2.0
976,Beef Tikia Kabab,1,2.0
977,Belleame Chocolate Fondue-180gm,1,2.0
978,Big Babol Gum-20gm,1,2.0
979,BTC Birthday Cap KomDami-51,1,2.0
980,Butter Bite-100g,1,2.0
981,Cadbury Choclairs-192g,1,2.0
982,Cadbury Dairy Milk Silk Bubbly-17g,1,2.0
983,CBL Munchee Choco.Mo Biscuits-90g,1,2.0
984,Ch. Lunch Box (05/23),1,2.0
985,Ch. P. Hanger (4/23),1,2.0
986,Chicken Strips-250gm,1,2.0
987,China Baby Stiker (4/23),1,2.0
988,China Ceramic Mug T10(4/23),1,2.0
989,China Clay Toy- (4/23),1,2.0
990,China Singal Bati BJ2327 (4/23),1,2.0
991,China Soap Case(05/23),1,2.0
992,Clear Complete Active Care Shampoo-330ml,1,2.0
993,Coca Cola (Rasa Asli) 320ml,1,2.0
994,Cocola Chicken Noodles-180g,1,2.0
995,Colgate Herbal Toothpaste-100gm,1,2.0
996,Coriander Leaf PCS,1,2.0
997,CP Gangsters Bite Chili-250gm,1,2.0
998,Crystal Bowl 2.6Ltr-72110,1,2.0
999,Curry Powder-100gm BIB,1,2.0
1000,Dal Puri-454gm,1,2.0
1001,Danish Florida Orange Biscuits-70g,1,2.0
1002,Data-Pc,1,2.0
1003,Diamond Special Nazir Rice-kg,1,2.0
1004,Disposible Floss Tooth Picks-{BB-50006},1,2.0
1005,Dollys Mango Pickle-200g,1,2.0
1006,Dream Lollipop- 1pcs,1,2.0
1007,Face Powder Puff-FPP,1,2.0
1008,Farm Fresh Standard Milk-1L,1,2.0
1009,Farm Fresh UHT -200ml,1,2.0
1010,Farmland Brown Atta-1kg,1,2.0
1011,Faysal LED Candle-52,1,2.0
1012,Faysal Wooden Puzzle -092,1,2.0
1013,Filo Sheet(Pasty Sheet)-30Pcs,1,2.0
1014,Fish Papor-100gm,1,2.0
1015,Fram Fresh Sour Curd(Yogh.) 500gm,1,2.0
1016,Fresh F. Tissue White 150Pcs 300Sheet,1,2.0
1017,Fresh Kitchen Towel,1,2.0
1018,Frutika Mango Juice-250ml,1,2.0
1019,Funtastic Backmans Glaze Biscuit-40gm,1,2.0
1020,GC Instant Shine Sponge-11ml,1,2.0
1021,Glucon-D Orange-Flavour-400g Jar,1,2.0
1022,Godrej Hc Easy 5m Shampo Based 20ml,1,2.0
1023,Godrej No.1 Sandal Soap-100g,1,2.0
1024,Gopal Ind Like Me Bra S-34 (4/23),1,2.0
1025,Haribo Happy Cola Candy- 160g,1,2.0
1026,Himalaya Glow Rose F/W-100ml,1,2.0
1027,HRC Clevedon Tea-400gm Poly,1,2.0
1028,Hubba Bubba Bubble Gum -35g,1,2.0
1029,I S Ladies Taies- 051,1,2.0
1030,Ifad Stick Toast-350g,1,2.0
1031,IGLOO 1Ltr (Strawberry Sparkle),1,2.0
1032,Islam Water Filter-5,1,2.0
1033,J.P ST Side Clip-JSC10,1,2.0
1034,Jet Classic Detergent -1000gm Ploy,1,2.0
1035,Jugol Chutney-300gm,1,2.0
1036,Jui Coconut Oil Tin-200ml,1,2.0
1037,Kaalar Steam Basmati Rice -1kg,1,2.0
1038,Knorr Classic Thai Soup-12g,1,2.0
1039,Kurkure Chilli Chatka-80g,1,2.0
1040,Kwality Korian Handkerchief-KH,1,2.0
1041,Lemon White Detergent Powder-1kg,1,2.0
1042,Lifeboy Lemon Fresh-150gm,1,2.0
1043,Lifebuoy Health Soap (Mild) Care-100g,1,2.0
1044,London Boy Vest S / M / L -08,1,2.0
1045,Ma SS Glass -501,1,2.0
1046,Maggi Healthy Soup-25g,1,2.0
1047,Maggi Vegetable Soup 25g(B3G1),1,2.0
1048,Memory Masala Badam 200g,1,2.0
1049,Memory Muruli PKT-200gm,1,2.0
1050,Minister One Wash Detergent Lemon-500gm,1,2.0
1051,Mirjapur Best Leaf-100gm,1,2.0
1052,Mojo Cola Can 250ml,1,2.0
1053,Monia Lock RTG Cont 200ml-917837,1,2.0
1054,Mug Cover-205A,1,2.0
1055,Mum Drinking Water-5L,1,2.0
1056,Muslim Chira Vaza-200g,1,2.0
1057,Muslim Fuljhuri Pitha,1,2.0
1058,Musroom Whole-425gm,1,2.0
1059,Natural Loofah Sponge M -533,1,2.0
1060,Nestle Kit Kat 4Finger Chocolate- 36.5g,1,2.0
1061,Nestle KitKat White Chocolate-41.5g,1,2.0
1062,No-Kroach -8gm,1,2.0
1063,Nutella 50 mg,1,2.0
1064,Odofresh Toilet Cleaner-500ml,1,2.0
1065,Olivs Oils Land E Virgin Olive Oil-250ml,1,2.0
1066,Olympic C.Marie Biscuits-240gm,1,2.0
1067,Olympic Saltes Biscuits-200gm,1,2.0
1068,Orbit Chewing Gum -4.4g,1,2.0
1069,P.D Pixie Toothbrush,1,2.0
1070,Parachute Coconut Hair Oil 100ml,1,2.0
1071,Prabhuji Soan Papdi -200g,1,2.0
1072,Pran Drinko Float Coconut Jelly- 250ml,1,2.0
1073,Pran Toast-250g,1,2.0
1074,Premio Queen Soap Case,1,2.0
1075,Pumper-57,1,2.0
1076,Pusti HT Energy Biscuit -180g,1,2.0
1077,RD Milk Banana-200ml,1,2.0
1078,RD Milk Strawberry-200ml,1,2.0
1079,Real Strawberry Wafer Roll-50gm,1,2.0
1080,Refill Pen Anytime-Black (6pcs),1,2.0
1081,Revive SunBlock-100ml,1,2.0
1082,RFL Diamond Mug 21-Blue,1,2.0
1083,RFL Globe Jar -200ml,1,2.0
1084,RFL Lock & Like Cont 1100ml-917830,1,2.0
1085,RFL Pure Rtg Container 400ml- Assorted,1,2.0
1086,Roja Shrimp Samosa - 240gm,1,2.0
1087,Rok Handwash Apple-350ml,1,2.0
1088,S.Tanduri Chicken Noodles-180g,1,2.0
1089,Sajeeb Soft Drink Powder Mango-500gm,1,2.0
1090,Salmon Fire Box-1D,1,2.0
1091,Salted Cashews-(B1G1free)50gm,1,2.0
1092,Sandalina Sandal & Rose Soap-150gm,1,2.0
1093,Scissor,1,2.0
1094,Seylon Family Bland Tea- 400g,1,2.0
1095,Shakti Mango Doi 80g,1,2.0
1096,Shammi Mango Juice-1L,1,2.0
1097,Shan Biryani Masala-50gm,1,2.0
1098,Smart No1 Gamsa-05,1,2.0
1099,Starship Mango Fruit Drink- 125ml,1,2.0
1100,Sticker,1,2.0
1101,Sun Chips Tomato Tango 38g,1,2.0
1102,Sun Papor Chips-18gm,1,2.0
1103,Tata Tea Gold-400gm,1,2.0
1104,Tip Biscuit - 60gm,1,2.0
1105,Tokmadana-200gm,1,2.0
1106,Trix Lemon Soap - 125g,1,2.0
1107,Trix Lqd 250ml D W(Lemon),1,2.0
1108,UHT Mango Milk-200ml,1,2.0
1109,UHT Strawberry Milk-200ml,1,2.0
1110,Universe Spiral Khata-300page,1,2.0
1111,Vaseline Mosquito Defence Lotion-100ml,1,2.0
1112,Vegetable Spring Roll- 300g,1,2.0
1113,Whisper Ultra Nigts 15pcs,1,2.0
1114,Yupi Gummi Pizza-56,1,2.0
1115,Zess Chocolate S Biscuits-264gm,1,2.0
1116,Ayir Fish (Big)-(HB),1,1.88
1117,Pangas Fish-(Deshi),1,1.69
1118,Hilsha Fish-M (Kg),1,1.53
1119,Hilsha Fish XL-kg,1,1.3
1120,P. Chicken Breast,1,1.3
1121,Nag Fruits-kg,1,1.29
1122,Bangi Small- Kg,1,1.28
1123,Boal Fish Small (HB),1,1.26
1124,Moha Shole-(XXL),1,1.25
1125,Rupchanda(Big)-(THR),1,1.22
1126,Koi Fish Big (HB),1,1.17
1127,Hilsha Fish Large- 1Kg+,1,1.12
1128,Rupchanda Fish,1,1.05
1129,Shrimp Fish( Galda Small)-(TR),1,1.05
1130,Eel Fish( Bayng)-Big (HB),1,1.01
1131,Musur Pulse Deshi-1Kg (Loose),1,1.01
1132,10 Bowl,1,1.0
1133,10 Colour Pen -05,1,1.0
1134,"10"" Double Color Coup Plate",1,1.0
1135,7 in One Hair Oil Almond-200ml,1,1.0
1136,7 Up-1Ltr(Pet),1,1.0
1137,7Up 2Ltr,1,1.0
1138,Aafi Mango Drink-1 Ltr Pet,1,1.0
1139,Aaram Orange Juice- 1L,1,1.0
1140,Aarong Cheezarella Cheese-200gm,1,1.0
1141,Aarong Laban-250ml,1,1.0
1142,Aarong Low Fat Yoghurt-500gm,1,1.0
1143,Aarong Matha-200ml,1,1.0
1144,Aarong Pasteurized Premium Milk-1Ltr,1,1.0
1145,Aarong Sliced Cheese Peri Peri-204g,1,1.0
1146,Aarong Sliced Cheese Pizza-204g,1,1.0
1147,ACI Aerosol 350ml,1,1.0
1148,ACI Aerosol 800ml,1,1.0
1149,ACI Freedom Sanitary Napkin-15pads,1,1.0
1150,ACI Nutrilife F.E Rice Bran Oil-5ltr,1,1.0
1151,Aci Pure Aromatic Rice 2kg,1,1.0
1152,ACI Pure Biryani Masala B2 G1-40g,1,1.0
1153,ACI Pure Halim Mix B2 G1-100g,1,1.0
1154,ACI Pure Kabab Masala B2 G1-50g,1,1.0
1155,Aci Pure Maida -2kg,1,1.0
1156,ACI Pure Minicate Rice-5kg,1,1.0
1157,Aci Pure Mustard Oil 1000ml,1,1.0
1158,Aci Salt-100mg (Bottle),1,1.0
1159,Act II Butter Delite-70g,1,1.0
1160,AD Osaka PVC Tape--61,1,1.0
1161,AD University Khata-160page,1,1.0
1162,Adorsho Lipi Book- 02,1,1.0
1163,Aer Spray Morning - 220ml,1,1.0
1164,Aer Violet Air Freshner- 240ml,1,1.0
1165,AG Chicken Sausage Plain-340gn,1,1.0
1166,AG Jumbo Vegetable Singara 10p-400g,1,1.0
1167,AG Mini Chicken Singara-300g,1,1.0
1168,AG Plain Paratha C.P -650g (10pcs),1,1.0
1169,AG Real Mayonnalse 473 ml,1,1.0
1170,AG Red Wheat Rooti-800g,1,1.0
1171,AG Spicy Chicken Sausages-340g,1,1.0
1172,Agar- Agar -25gm,1,1.0
1173,Ahmed Tomato Hot Sauce-340g,1,1.0
1174,Ahmed White Vinegar-250ml,1,1.0
1175,Air Wick Citrus Splash-50gm,1,1.0
1176,AJI-No-Moto Tasting Salt-42g,1,1.0
1177,Al Shafi Natural Honey Jar-250g,1,1.0
1178,Alam Baby Dress-031,1,1.0
1179,Alam Baby Dress-09,1,1.0
1180,Alam Baby Frock-013,1,1.0
1181,Alfa Mayonnaise-236.5ml,1,1.0
1182,All Time Milk Bread- 300gm,1,1.0
1183,All Time Sandwich Bread- 600gm,1,1.0
1184,Almarai Cream Cheese - 200gm,1,1.0
1185,AMA 3in1 Coffee-6Pcs (combo),1,1.0
1186,Ambition Tooth brush,1,1.0
1187,Amul Cool Kesar Flavour 180ml,1,1.0
1188,Amul Dark Chocolate-150g,1,1.0
1189,Amul Kool Kesar-180ml,1,1.0
1190,Angelic Air Fresh-300ml G/V,1,1.0
1191,Angelic Air Fresh-300ml Sparkling,1,1.0
1192,Aquafina Drinking Water-1Ltr,1,1.0
1193,Arla Dano Daily Pushti-200gm Pack,1,1.0
1194,Arla Full Cream Milk 3.5%-1Ltr,1,1.0
1195,Arong Milk Powder IFCMP-500gm,1,1.0
1196,Arrow Toothbrush,1,1.0
1197,AS Baby Dropper Feeding Device,1,1.0
1198,AS Breast Feeling Milk,1,1.0
1199,AS Liquid Silicone Pacifier,1,1.0
1200,AS PP Feeding Bottle-150ml,1,1.0
1201,Aseel Veg Ghee-500,1,1.0
1202,Assorted DSGN Scarf Pin-PSAP 1pcs,1,1.0
1203,Atlas BMW Long Umbrella-083,1,1.0
1204,Austogram Mozzarella Cheese-250gm,1,1.0
1205,Avonee Diaper XXL (14-25Kg)-4pcs,1,1.0
1206,Ayesha Gas Lighter -56,1,1.0
1207,Azoa Dates-500gm,1,1.0
1208,Baby Cherie Cotton Buds-100pcs,1,1.0
1209,Baby Plate- UMC002,1,1.0
1210,Baby S. Wide Neck Nipple AB-202MF2BC,1,1.0
1211,Baby Sipper Cup Mom Pot:AB-301001WB,1,1.0
1212,Bactrol Liquid Hand Wash-200ml,1,1.0
1213,Bajaj Almond Drops Hair Oil-100ml (BD),1,1.0
1214,Bakemans Glaze-200gm,1,1.0
1215,Bakemans Ovaltine Biscuit-80gm,1,1.0
1216,Bakemans Ovaltine Biscuts-250gm,1,1.0
1217,Balachaw Hot & Spicy Fry Shrimp- 250g,1,1.0
1218,Baoma Mosquito Coil (Lemon),1,1.0
1219,Bashundhara F/W Facial Tissue- 240Sheet,1,1.0
1220,Bashundhara Gold Toilet Tissue,1,1.0
1221,Bashundhara Khata P-BOU(K)-124 Pages,1,1.0
1222,Bashundhara Khata P-M-SPI-204 Pages,1,1.0
1223,Bashundhara Maida-2kg,1,1.0
1224,BD Butter Toast Biscuit- 250gm,1,1.0
1225,BD Chilli Sauce- (360gm),1,1.0
1226,BD Chilli Sauce- 1000g,1,1.0
1227,BD Dry Cake Biscuit-300g,1,1.0
1228,BD Food Chanachur(280gm),1,1.0
1229,BD Garam Masla-50gm,1,1.0
1230,BD Haleem Mix(175g),1,1.0
1231,BD Roast Masala - 35gm,1,1.0
1232,BD Tomato Sauce-340gm,1,1.0
1233,BD Turmeric Powder(200gm),1,1.0
1234,BD White Vinegar- 650ml,1,1.0
1235,BD White Vinegar-300ml,1,1.0
1236,BE Coffee Nut- 200gm,1,1.0
1237,BE Peanut White- 200g,1,1.0
1238,BE Till Naru- 15Pcs,1,1.0
1239,Beef Mini Samusa 250gm (Prem),1,1.0
1240,Beef Samusa,1,1.0
1241,Beef Tikka Kabab-10pcs,1,1.0
1242,Belleame Coconaoir-240gm,1,1.0
1243,Belleame Toast Biscuit-250gm,1,1.0
1244,Bengal Classic Tea- 200g (Black),1,1.0
1245,Best Line Multi Plug -HT0034 021,1,1.0
1246,BFL Aluminium Foil 5 Miter,1,1.0
1247,Binimoy Cartoon File -022,1,1.0
1248,Binimoy Cartoon File -051,1,1.0
1249,Binimoy Eraser-8,1,1.0
1250,Bio Active Goat Milk Soap-70g,1,1.0
1251,Biryani Scent-28ml,1,1.0
1252,Biscuit Pizza -40gm,1,1.0
1253,Bisk Club Salty Salted Biscuit - 95g,1,1.0
1254,Bismillah Hair Comb (Chiruni)- 02,1,1.0
1255,Bitter Stick-50g(Cherota),1,1.0
1256,Blender Choice Tea 100gm,1,1.0
1257,Blue Lady Deo Roll-On 50ml (Rasasi),1,1.0
1258,Bomby Mixed Misty Masala,1,1.0
1259,Bon Appetit Slice Cheese-170gm,1,1.0
1260,Bonjour Strawberry Jam-450g,1,1.0
1261,Brooke Bond Taaza -100g,1,1.0
1262,Brown Bread-300gm,1,1.0
1263,BTC Foyel Birthday Benner-031,1,1.0
1264,C&C Exfoliating Daily Wash - 150ml,1,1.0
1265,C.N Chicken Breaded Crispy Strips -250gm,1,1.0
1266,C.N Chicken Garlic Meatball-250gm,1,1.0
1267,C.N Chicken Kids Nuggets-250gm,1,1.0
1268,C.N Chicken Nuggets-250gm,1,1.0
1269,C.N Chicken Spicy Nuggets-250gm,1,1.0
1270,C.N. Chicken Spicy Lollipop-400gm,1,1.0
1271,C.Peanut Butter Chunky-340g,1,1.0
1272,C.Peanut Butter Creamy-340g,1,1.0
1273,C.Tuna Vegetable Oil-165gm,1,1.0
1274,Cadbury Bourn Vita Biscuit-46.5g,1,1.0
1275,Cadbury Choclairs-196g,1,1.0
1276,Cadbury Dairy Milk Roast Almond-58g,1,1.0
1277,Cadbury Dairy Milk Silk Hazelnut-58g,1,1.0
1278,Cake Gummy-9gm,1,1.0
1279,Cake Topper-07,1,1.0
1280,Camay Soap Classic-125gm,1,1.0
1281,Camel Pistachis 40gm,1,1.0
1282,Capital Food Color-28ml,1,1.0
1283,Casse Role With GL Lid-26cm,1,1.0
1284,CBL Munchee butter Fingers-80g,1,1.0
1285,CBL Munchee Choco Finger 192gm,1,1.0
1286,CBL Munchee Chunky Choc-90g,1,1.0
1287,CBL Munchee Dark Chocolate Cookies-100gm,1,1.0
1288,Cerelac Baby Rice Riz Milk-400g,1,1.0
1289,"Cerelac Mixed Fruits & Wheat Fruits,Ble-400gm",1,1.0
1290,Cerelac Wheat With 3 Fruits-400gm,1,1.0
1291,Ch Silicone Brush Set-88(5/23),1,1.0
1292,Ch Silicone Brush-09(5/23),1,1.0
1293,Ch Vacuum Cup- (4/23),1,1.0
1294,Ch Water Pot-500ml (4/23),1,1.0
1295,Ch. City BusToy (Pata)-793(6/23),1,1.0
1296,Ch. Cookware-28cm(05/23),1,1.0
1297,Ch. Cutting Board(05/23),1,1.0
1298,Ch. Green Majuni 5Pcs Set (05/23),1,1.0
1299,Ch. Ice Tray(05/23),1,1.0
1300,Ch. Scissors F-312-241(6/23),1,1.0
1301,Ch. Tawa-30cm(05/23),1,1.0
1302,Ch. Tiffin Box(05/23),1,1.0
1303,Ch.Animal Toys-701(5/23),1,1.0
1304,Ch.Hanger 5 Pcs Set-6106 (4/23),1,1.0
1305,Ch.Lead Knob JM-8016(5/23),1,1.0
1306,Ch.Pencil Bag (4/23),1,1.0
1307,Ch.S.Kitchen Chimta (5/23),1,1.0
1308,Ch.Vacuum Cup-KL140(4/23),1,1.0
1309,Ch.Vegetable/Fruits Peeler (5/23),1,1.0
1310,Champignons Mushrooms Whole-400gm,1,1.0
1311,Champion Toothbrush,1,1.0
1312,Cheese Puffs-18g,1,1.0
1313,Chi. Mini Fans-CS109(4/23),1,1.0
1314,Chicken Burger Patty-240gm,1,1.0
1315,Chicken Jali Kabab 10pcs- 300g,1,1.0
1316,Chicken Mini Samusa 250gm (Prem),1,1.0
1317,Chicken Samosa 25Pcs - 250gm,1,1.0
1318,Chicken Spring Roll,1,1.0
1319,Chicken Tikia Kabab,1,1.0
1320,Chicken Wings & Drumsticks- 500g,1,1.0
1321,China Air Bou Toy(05/23),1,1.0
1322,China Animal Set-05/23,1,1.0
1323,China Animals Toy- (4/23),1,1.0
1324,China Baby Football-(5/23),1,1.0
1325,China Baby Rabit Toy (5/23),1,1.0
1326,China Burger Set-05/23,1,1.0
1327,China Cake Mould-(11/21),1,1.0
1328,China Can Opener (5/23),1,1.0
1329,China Cloth Clip with Rope(05/23),1,1.0
1330,China Coffee Mug-(4/23),1,1.0
1331,China Doll Toy(05/23),1,1.0
1332,China Duck Car Toy(05/23),1,1.0
1333,China Firni Set-6Pcs(4/23),1,1.0
1334,China Floor Brush (4/23),1,1.0
1335,China Football-(5/23),1,1.0
1336,China Fox Toy- (4/23),1,1.0
1337,China Fry Pan-26cm (5/23),1,1.0
1338,China Glass Stand (5/23),1,1.0
1339,China Green Majuni(4/23),1,1.0
1340,China Hair Punch Clip-(5/23),1,1.0
1341,China Hook (05/23),1,1.0
1342,China Jug 1.3L(5/23),1,1.0
1343,China Kata Ball(05/23),1,1.0
1344,China Kitchen piller-04,1,1.0
1345,China Kitchen piller-15,1,1.0
1346,China Kitchen Scissors-HY-5003B-021(5/23),1,1.0
1347,China Knife Sharpner (05/23),1,1.0
1348,China Lunch Box 6556 (5/23),1,1.0
1349,China Lunch Box 8539(5/23),1,1.0
1350,China Magic Slate -(5/23),1,1.0
1351,China Measurement Cup 500ml(5/23),1,1.0
1352,China Medicine Box(5/23),1,1.0
1353,China Paposh (4/23),1,1.0
1354,China Plate Stand (5/23),1,1.0
1355,China Plate Stand-YZ-021A(05/23),1,1.0
1356,China Rain Coat R100(4/23),1,1.0
1357,China Relax Bait- 50gm,1,1.0
1358,China Remote Car (5/23),1,1.0
1359,China Small Rabbit Toy (06/23),1,1.0
1360,China Stell Majuni - 4 pcs set (4/23),1,1.0
1361,China Tawa 30cm(5/23),1,1.0
1362,China Toy(05/23),1,1.0
1363,China Vacuum Cup-(4/23),1,1.0
1364,China Water Bottle (5/23),1,1.0
1365,Chocolate Cream Wafer Biscuit C&D-70gm,1,1.0
1366,Chopstick Bar-B-Q Noodles-8Packs,1,1.0
1367,Chopstick Deshi Masala Noodles- 12pcs,1,1.0
1368,Chowa Gamsa-75,1,1.0
1369,Chui Pitha-200gm,1,1.0
1370,Chupa Chups Can-345ml,1,1.0
1371,Churi Shutki Big-200gm,1,1.0
1372,CIF Floor Cleaner-950ml,1,1.0
1373,Cinthol Health+ Soap-100g(Buy 3 Get1 Free),1,1.0
1374,Clariss Neem Face Wash-100ml,1,1.0
1375,Clariss Pomace Olive Oil -1L,1,1.0
1376,Classic Toothbrush,1,1.0
1377,Clean & Clear (Aqua Splash)-50ml,1,1.0
1378,Clean & Clear Tub-100ml,1,1.0
1379,Clean&Clear Lemon Fresh F/W - 100ml,1,1.0
1380,Clean&Clear Morning E Berry B F/W-100ml,1,1.0
1381,Clear Anti Hairfall Shampoo- 330ml,1,1.0
1382,Clinic Plus Shampoo-340ml,1,1.0
1383,Close Up Cool Mint Toothpaste-145g,1,1.0
1384,Clove Lobongo-50g,1,1.0
1385,Coca Cola Classic 320ml (Can),1,1.0
1386,Cocola Anarkali Toast Biscuits-200g,1,1.0
1387,Cocola Butter Delight Biscuits- 250g,1,1.0
1388,Coconut Powder (Cake Decoration)-50g,1,1.0
1389,Coffee Maker- 011,1,1.0
1390,Coke Org /250 ml,1,1.0
1391,Colgate Max Fresh B Gel -150g,1,1.0
1392,Colour Me Body Spray-150ml (Pop Art),1,1.0
1393,Comfort-2Ltr,1,1.0
1394,Complan Chocolate - 350gm Box,1,1.0
1395,Confume Hair Color 1N Black- 120gm,1,1.0
1396,Coriander Powder(100gm),1,1.0
1397,Coriender-200gm,1,1.0
1398,Corn Flakes Real Honey- 300,1,1.0
1399,Cosco Soap 30gm,1,1.0
1400,Cotton Bud 120pcs Flat,1,1.0
1401,CP Chicken Nugget Chili-320g,1,1.0
1402,Crazy Premium Coup Spoon,1,1.0
1403,Crocodile Underware- 08,1,1.0
1404,Cumin Powder(50gm),1,1.0
1405,Cumin-400gm,1,1.0
1406,Custard Bread- 275g,1,1.0
1407,Custard Powder-150g,1,1.0
1408,Cute Water Bottle-400ml,1,1.0
1409,D. Chocolate Food Colour,1,1.0
1410,D.Lexus Vegetable-240g,1,1.0
1411,Dabur Chyawanprash-500g,1,1.0
1412,Dabur Gulabari Rose Water-120ml,1,1.0
1413,Dabur Herbal.P Toothpaste-160gm,1,1.0
1414,Dabur Herbal.P Toothpaste-B1G1,1,1.0
1415,Dalos Mango Can Juice 250ml,1,1.0
1416,Dan Cake-Chocolate Dry Cake-300gm,1,1.0
1417,Dan Cake-Chocolate Muffin 50gm,1,1.0
1418,Dan Cake-Chocolate Swiss Roll 200gm,1,1.0
1419,Dan Cake-Dry Cake 300gm,1,1.0
1420,Dan Cake-Tiramisu Plain Cake 360gm,1,1.0
1421,Danish Condensed Milk-397gm,1,1.0
1422,Delight Toast Hi Fiber-250g,1,1.0
1423,Deshi Paratha Mini-650gm Family,1,1.0
1424,Dettol Aloe Vera Soap-75ml,1,1.0
1425,Dettol Alovera Soap Bar-125gm,1,1.0
1426,Dettol Skincare HW-170ml(Refil),1,1.0
1427,Dettol Skincare Soap-125gm,1,1.0
1428,Diamond Allu Foil Paper- 46.7Cm,1,1.0
1429,Diamond Aluminum Foil-37.5 ft,1,1.0
1430,Digestive Plain Biscuits- 120gm,1,1.0
1431,Discovery Vite 400gm - B1G1,1,1.0
1432,Dolphin Nata Drinks-(All Flv.)350ml,1,1.0
1433,Doodles Chicken Masala Noodles 4 packs,1,1.0
1434,Dosa Tawa -26cm,1,1.0
1435,Double Milk Baby Powder- 180g,1,1.0
1436,Doughtnut Sugar Bread-200gm,1,1.0
1437,Dove Beauty Bar Pampering-90gm,1,1.0
1438,Dove Beauty Bar Soap-135g (All),1,1.0
1439,Dove Hair Fall Rescue -450ml,1,1.0
1440,Dove Hair Fall Rescue Conditioner-170ml,1,1.0
1441,Dove Hair Fall Rescue Shampoo-330ml,1,1.0
1442,Dove Hair Fall Shampoo-650ml,1,1.0
1443,Dove Healthy Ritual.G Shampoo-170ml,1,1.0
1444,Dove Hijab Natural Shampo-330ml,1,1.0
1445,Dove Intense Repair Shampoo-170ml,1,1.0
1446,Dove Shea Butter Soap-100g,1,1.0
1447,Dr R Lav. Hand Wash-300ml Pack,1,1.0
1448,Dr Razes NA.E Oil Air F.Floral Oil-150g,1,1.0
1449,DR.West brush Original,1,1.0
1450,Dream Food Colour(Blue)-28ml,1,1.0
1451,Dream Food Colour(Orange)-28ml,1,1.0
1452,Dream Food Colour(Red)-28ml,1,1.0
1453,Dreem Choco Food Color/Essence-28ml,1,1.0
1454,Dreem Jelly Straw-70gm,1,1.0
1455,Eagle Max Hit Jumbo Mosquito Coil,1,1.0
1456,EBY Lemon Facewash 100ml,1,1.0
1457,EBY Rose Water Mist Tonar 120ml,1,1.0
1458,EM Pasta Floral-400gm,1,1.0
1459,EM Pasta Penne-400gm,1,1.0
1460,EM Pasta Shell Big-400gm,1,1.0
1461,Energy Plus Biscuit - 62gm,1,1.0
1462,Eon Dal Puri- 500gm,1,1.0
1463,Erko Mallow World- 150g Pkt,1,1.0
1464,Europe Chewing Gum-13gm,1,1.0
1465,Ever Glow Men Intense White FW-100ml,1,1.0
1466,Everest Chhole masala-50gm,1,1.0
1467,EverestGaram Masala-50gm,1,1.0
1468,Explorer Toothbrush,1,1.0
1469,F Clarks Ess 28ml(Blue),1,1.0
1470,F Clarks F Color 28ml(G),1,1.0
1471,F. C. Corn Flour-400mg(Tin),1,1.0
1472,Faber Castel Eraser 1pcs-51,1,1.0
1473,Facial Soft Pack Tissue -400Sheet,1,1.0
1474,Fair & Lovely BB Cream-18g,1,1.0
1475,Fair & Lovely G&L BB Cream-40g,1,1.0
1476,Fair & Lovely Multi V-100g,1,1.0
1477,Fanta Grape -320ml,1,1.0
1478,Fantastic Biscuit,1,1.0
1479,Farm Fresh Butter-200gm,1,1.0
1480,Farm Fresh FC Milk Powder-1kg,1,1.0
1481,Farm Fresh Ghee 200gm,1,1.0
1482,Farm Fresh Pasteurized Milk-1L,1,1.0
1483,Farmland FCMP 500g,1,1.0
1484,Fashion Asia 3Pcs-086,1,1.0
1485,Fatema Bamboo Tray B-057,1,1.0
1486,Fay Air Freshner Lime-300ml,1,1.0
1487,Fay Multi Fold Towels - 150pcs,1,1.0
1488,Faysal Back Drop-08,1,1.0
1489,Faysal Birthday Cap-05,1,1.0
1490,Faysal Candle -71,1,1.0
1491,Faysal Fairy Wings-09,1,1.0
1492,Faysal Fringe Curtain-08,1,1.0
1493,Faysal Musical Iuminous Candle-051,1,1.0
1494,Faysal Note Book -56,1,1.0
1495,Faysal Party Spray-73,1,1.0
1496,Faysal Sharpner-51,1,1.0
1497,FCD Castor Oil B.P-70ml,1,1.0
1498,FE B.Day Heart Candle -001,1,1.0
1499,Feeding Bottle Wash-700ml(BF-200),1,1.0
1500,Finlay E. Breakfast Tea-62.5g,1,1.0
1501,Finlay Gold Tea-100g-50Bags,1,1.0
1502,Finlay Tea Gold-400g,1,1.0
1503,First Choice-100gm,1,1.0
1504,Flame Box Match-1Dozen,1,1.0
1505,Flexible Toothbrush Super Tip,1,1.0
1506,Floor Cleaner Rajanigandha-900ml,1,1.0
1507,Flormar Nail P. Remover 125ml (All),1,1.0
1508,Flush Bathroom cleaning Liquid 500ml,1,1.0
1509,Fogg Fine RIo Wave-120ml,1,1.0
1510,Foochka (Kacha)-200g,1,1.0
1511,Food Grade Colour-50g,1,1.0
1512,Foster Baking Powder-110g,1,1.0
1513,Foster Clark Lemon-750g,1,1.0
1514,Foster Clark Mango-450g,1,1.0
1515,Foster Clarks Mango- 250gm,1,1.0
1516,Foster Clarks Orange-250g,1,1.0
1517,Foster Mixed Fruit Jam-450g,1,1.0
1518,Foxs CC Fruits Chocolate 90g,1,1.0
1519,Frenchs Yellow Mustard 170gm,1,1.0
1520,Fresh Chinigura Rice-1kg,1,1.0
1521,Fresh Coriander Power-100gm,1,1.0
1522,Fresh Deshi Primium Mosur Dal-1kg,1,1.0
1523,Fresh Energy Cookies Biscuits-80g,1,1.0
1524,Fresh Fantasy Chocolate Biscuits-75g,1,1.0
1525,Fresh Healthy Choice S Biscuits-80g,1,1.0
1526,Fresh Oyster Mushroom - 150gm,1,1.0
1527,Fresh Premium Tea Bag-50pcs,1,1.0
1528,Fresh Soyabean Oil,1,1.0
1529,Fresh Toilet Tissue (White) Roll,1,1.0
1530,Frooto Mango Juice-500ml,1,1.0
1531,Fruits Wax Hair Color (Chery Red),1,1.0
1532,Fry Chick Peas-200gm,1,1.0
1533,Fun:vanila Pound Cake-80gm,1,1.0
1534,Funtastic Butter Cookies Jar -800gm,1,1.0
1535,Funtastic Cake Cranival Box-363gm,1,1.0
1536,Funtastic Glucoz Biscuit-45gm,1,1.0
1537,Funtastic Hebby Energy Biscuits- 44 gm,1,1.0
1538,Funtastic Milk Mate Biscuit- 45gm,1,1.0
1539,Funtastic Nimok Halal Biscuit-86gm,1,1.0
1540,Funtastic Toni Toast- 210g,1,1.0
1541,G Gatorade Sports Drink-500ml,1,1.0
1542,G.Aer Car Freshner Sea Breeze-10gm(B3G1Free0,1,1.0
1543,G.Aer Power Pocket GP Floral Delight-10g,1,1.0
1544,G.C.N. Cherry Reds-6.60(100ml),1,1.0
1545,Gahana Baby Clip-72,1,1.0
1546,Gahana Bruj-22,1,1.0
1547,Gahana Kakra Hair Clip-5,1,1.0
1548,Gahona Stone Hair Band-011,1,1.0
1549,Gambit Body Spary-200ml,1,1.0
1550,Garden Fresh Mango Drink-1L,1,1.0
1551,Garnier Bright C Serum Mask- 28g,1,1.0
1552,Garnier Bright Complete Serum Cream-45g,1,1.0
1553,Garnier Men Tarbo Bright -50gm,1,1.0
1554,Gatorade Drink - 600ml All,1,1.0
1555,Gelatine Powder-50gm,1,1.0
1556,GG Acrylic Color 12pcs- 022,1,1.0
1557,GG Ball Pen Matal-54,1,1.0
1558,GG Ereaser-02,1,1.0
1559,GG Exam Board -58,1,1.0
1560,GG Lighting Rubber Ball-56,1,1.0
1561,GG Noris 1pc Pencils-5.7,1,1.0
1562,GG Ribbon -5,1,1.0
1563,GG Sticky Notes-03,1,1.0
1564,GG Taj-35,1,1.0
1565,GG Tully Set 6Brush-591,1,1.0
1566,GH Chicken Nuggets-300gm,1,1.0
1567,GH Spicy Chicken Sausage-340gm,1,1.0
1568,Gillette Blue II Plus Razor,1,1.0
1569,Gillette Saving Foam Sensetive-418gm,1,1.0
1570,Gillette Series Gel-195g (Moisturizing),1,1.0
1571,Gillette Vector 6pcs,1,1.0
1572,Ginger Powder 100g,1,1.0
1573,Glass 160 ML 50 Pcs Set,1,1.0
1574,Glow&Lovely Advanced M.V-80g,1,1.0
1575,Glucon-D Regular- 500g Jar.,1,1.0
1576,Godrej Hc Easy 5m Shampo Based 20ml N.Black,1,1.0
1577,Golden Girl Nail Polish- 5ml,1,1.0
1578,Good K Adv Power Active+Combi pac-45ml,1,1.0
1579,Good Knight Advance Cartridge,1,1.0
1580,Good Luck Fast Gel Pen-pcs,1,1.0
1581,Good Luck Forever Refill Pen,1,1.0
1582,GR Body Mist -200ml All,1,1.0
1583,GR Volume Eyeliner-6.5ml,1,1.0
1584,GR. Lipliner Pencil,1,1.0
1585,GR. Wow Nail Colour-6ml,1,1.0
1586,Green Park Mushrooms Whole-425gm,1,1.0
1587,GS Matte Liquid Lipstick--7ml,1,1.0
1588,GS Velvet Matte Lipstick-3.5g,1,1.0
1589,H & S Anti Hairfall Shampoo-180ml,1,1.0
1590,H&S A D Shampoo Smooth & Silky- 180ml,1,1.0
1591,H&S Black Bourbon Biscuts-100g,1,1.0
1592,H&S Shampoo & Conditioner 2 In 1-340ml,1,1.0
1593,H&S Shampoo Anti Hair Fall 2in1 - 180ml,1,1.0
1594,H. Kacha Fuska-200g,1,1.0
1595,H.Black Pepper Powder-30gm,1,1.0
1596,Haiko Baking Powder- 150g,1,1.0
1597,Haiko Ice Cream Powder-160gm,1,1.0
1598,Haiko Kewra Essence- 25ml,1,1.0
1599,Haiko Tasting Salt-100gm,1,1.0
1600,Haribo Goldbears Candy-30gm,1,1.0
1601,Haribo Peaches Candy- 80g,1,1.0
1602,Haribo Starmix Candy- 80g,1,1.0
1603,Harpic 1L B2 get 50tk Off,1,1.0
1604,Harpic 750ml Buy 2 Get 40tk Off,1,1.0
1605,Harpic D Shurokkha Offer- 20tk Off,1,1.0
1606,Harpic Manik Jor 750+500ml,1,1.0
1607,Harpic Total Powder-400gm,1,1.0
1608,Hat Elbow Pasta- 500gm,1,1.0
1609,Hat Tortolino Macaroni -500gm,1,1.0
1610,Hawlader Sunglass-09,1,1.0
1611,Hazrat Ali Cheese Bakorkhani-400gm,1,1.0
1612,Hazrat Mozzarella Cheese- 250gm,1,1.0
1613,Hide & Seek BiscuitsChoco chip C.Sandwiches 120g,1,1.0
1614,HIlsha Extra Small-Pcs,1,1.0
1615,Himalaya Face Wash (Blueberry)- 100ml,1,1.0
1616,Himalaya Face Wash (Peash)- 100ml,1,1.0
1617,Himalaya Neem Face Wash-50ml,1,1.0
1618,Himalaya Power Glow F/W-100ml,1,1.0
1619,HIT Cockroach Aerosol- 625ml,1,1.0
1620,HIT Cockroaches Aerosol 400ml,1,1.0
1621,HIT Cockroaches Spray 200ml,1,1.0
1622,Hit Mosquitoes Aerosol 800ml(90tk Off),1,1.0
1623,HIT Mosquitoes Aerosol- 475ml (50TK Off),1,1.0
1624,Horlicks -400gm,1,1.0
1625,Horlicks Classic Malt-500gm BIB,1,1.0
1626,Horlicks lite Jar-400g,1,1.0
1627,Horlicks Womens Plus 400g Jar,1,1.0
1628,Hot Pot-,1,1.0
1629,HP 750+LYS 500ml,1,1.0
1630,IDC Kelloggs Chocos 250g,1,1.0
1631,IDC Kelloggs Oats- 400g,1,1.0
1632,Ifad B2 Nutri Bites G1 Cheesy Bites-180g,1,1.0
1633,Ifad Choco Kaju Butr Fr Orng-820g,1,1.0
1634,Ifad Eggy Inst. Mas Noodles-400g B2G1,1,1.0
1635,Ifad Milk Biscuits,1,1.0
1636,Ifad Plain Toast-350g,1,1.0
1637,Ifad Tost 3pcs Combo (Save40),1,1.0
1638,IGLOO 1Ltr.(Choco Cheers),1,1.0
1639,IGLOO Cake 1Ltr.,1,1.0
1640,Iko S.F Digestive Biscuts-178g,1,1.0
1641,Imperial Leather Soap-115g,1,1.0
1642,Ispahani Premium Green Tea-70g,1,1.0
1643,Isubgool Pack-100g,1,1.0
1644,Isubgool Pack-200g,1,1.0
1645,"Italiano 10"" Coup Plate",1,1.0
1646,Italiano Apple Cider Vinegar- 500ml,1,1.0
1647,J.B.Hair Oil-100ml (India),1,1.0
1648,Jhatpot Mini Samosa-250gm Chicken,1,1.0
1649,Jhok Mok Dishwash Bar 300gmB2 get 100gm Free,1,1.0
1650,Jimmy Chocolate - 80gm,1,1.0
1651,Jodi Chicken Frankfurter-300g,1,1.0
1652,Jodi Chicken Sausage-300g,1,1.0
1653,Johnsons Baby Cream Milk-100ml,1,1.0
1654,Johnsons Baby Lotion- 100ml,1,1.0
1655,Johnsons Milk Rice Baby Lotion- 100ml,1,1.0
1656,Jordan Clean Between Toothbrush,1,1.0
1657,Jordan Clean Smile Toothbrush,1,1.0
1658,Jordana Lip Liner 0.85g,1,1.0
1659,Jui Coconut Oil(Plastic)350ml,1,1.0
1660,Julies LLW.Cube Cheesy Duo150g,1,1.0
1661,Julies LLW.Cube Choc Hazelnut150g,1,1.0
1662,Junior Horlicks-500g,1,1.0
1663,K.S Kemei Hair Trimmer-KM236,1,1.0
1664,Kabab Sugar-50gm,1,1.0
1665,Kamal Mushroom Whole-420g,1,1.0
1666,Kamrul Fridge Cover-022,1,1.0
1667,Kamrul Oven Cover-051,1,1.0
1668,Kazi & Kazi MasalaTea-50g,1,1.0
1669,Kazi Aloo Puri-450,1,1.0
1670,Kazi Chicken Sausages (Spicy)-340gm,1,1.0
1671,Kazi Chicken Sausages Plain-340gm,1,1.0
1672,Kazi Chicken Shami Kabab - 200gm,1,1.0
1673,Kazi French Fries-500g,1,1.0
1674,Kazi Plain Paratha 10Pcs- 650gm,1,1.0
1675,Kazi Spicy Chicken Meat Balls-250g,1,1.0
1676,Kelloggs Chocos-1.15 Kg,1,1.0
1677,Kelloggs Special Original- 290g,1,1.0
1678,Kelloggs Special Original-455gm,1,1.0
1679,Khaleque Pudding Bati-031,1,1.0
1680,Khondoker Fuler Jharu-56,1,1.0
1681,Kiam Karai (Bakelite)-26cm,1,1.0
1682,Kiam Press Cooker (Classic) -4.5L,1,1.0
1683,Kings Sunflower Oil-1Ltr,1,1.0
1684,Kishwan Continental Cookies Tin-900gm,1,1.0
1685,Kishwan Fiore Cookies -300gm,1,1.0
1686,Kishwan Ghee Toast-200g,1,1.0
1687,Kishwan Jhal Chanachur-250g,1,1.0
1688,Kishwan Lexus Biscuit-216g (B2G1),1,1.0
1689,Kishwan Ovaltin Biscuits-350gm,1,1.0
1690,Kishwan Sugar Free Cookies Bis-300gm,1,1.0
1691,Kishwan Toast-250gm,1,1.0
1692,Kit Kat B3 Get Tk 5 Off-17.7g,1,1.0
1693,Knorr Chefs CFCM-75g,1,1.0
1694,Kodomo Baby Bath-100ml,1,1.0
1695,Kodomo Baby Bath-200g,1,1.0
1696,Kodomo Baby Lotion-200ml,1,1.0
1697,Kodomo Head To Toe Wash-100ml,1,1.0
1698,Kodomo Head To Top Wash-200ml,1,1.0
1699,Koko Krunch-300gm,1,1.0
1700,Koko Krunch-70gm,1,1.0
1701,KS Pearl Moti Mala-07,1,1.0
1702,KSF Mozzarella Cheese - 250gm,1,1.0
1703,Kurkure Naughty Tomato- 80g,1,1.0
1704,Kurmuure Classic Chanachur-300g,1,1.0
1705,KW.S False Nails-LL,1,1.0
1706,Kwality Q. Make Up Puff,1,1.0
1707,L.A Girl Pro. Conceal HD- 3pcs,1,1.0
1708,Lachchha Shemai-200gm,1,1.0
1709,Lactogen-3 BIB-350gm,1,1.0
1710,Lafz Hair Shampoo-200ml,1,1.0
1711,Lafz Kav.Body Spray-100gm,1,1.0
1712,Lafz Musky Calm Deodorant-50ml,1,1.0
1713,Lafz Ocean Crest Deodorant-50ml,1,1.0
1714,Lakme Eyeconic Kajal,1,1.0
1715,Lakme Kajal Eye Co Nic-0.35g,1,1.0
1716,Lakme Perfecting L Foundation-27ml,1,1.0
1717,Lal Atta Roti -800gm,1,1.0
1718,Lamia Color Ribbon-03 (4/23),1,1.0
1719,Lamia Hot Wheels Car Toy- 551,1,1.0
1720,Lamia Number Candle-53 (4/23),1,1.0
1721,Lamia Oil Pastel 12Colors-011,1,1.0
1722,Lamia Sharpner-51,1,1.0
1723,Latina Basli Seed Drink Cocktail (All Flv.)-290ml,1,1.0
1724,Latina Orange Juice-1L,1,1.0
1725,Lattafa Air Freshener-300ml (Pure Oudi),1,1.0
1726,Layerr Wottagirl Haven B Spray-135ml,1,1.0
1727,Lemon Bright Dish Wash 250ml B2 G1,1,1.0
1728,Lemon Bright Liquid Dishwash B2G1 -500Gm,1,1.0
1729,Lemu 250ml Pet,1,1.0
1730,Lexus Veg.Cracker Biscuit-240g,1,1.0
1731,Lexus Vegetable Biscuits (Buy2 Get1),1,1.0
1732,Lichu Pitha Box-200gm,1,1.0
1733,Lifeboy Liquid Total Hand Wash-1L,1,1.0
1734,Lifebuoy Care Hand Wash-200ml,1,1.0
1735,Lifebuoy Germ Protection Carer -150gm,1,1.0
1736,Lifebuoy Handwash Care -170ml,1,1.0
1737,Lifebuoy Handwash Lemon Fresh-200ml,1,1.0
1738,Lifebuoy Health Soap Lemon Fresh-100g,1,1.0
1739,Lifebuoy Health Soap Total-100g,1,1.0
1740,Lifebuoy Lemon Hand Wash-200ml,1,1.0
1741,Ligion Active Cone Mehedi-35g,1,1.0
1742,Lilac Brightening Face Wash- 120ml,1,1.0
1743,Linseed (Tishi)-250g,1,1.0
1744,Lipton Green Tea 25 Bags- 35gm (Lemon),1,1.0
1745,Livon Hair Serum 100ml,1,1.0
1746,Lizol Citrus-1000ml,1,1.0
1747,Lizol Floral -1000ml,1,1.0
1748,Loreal Hair Wax Hard-150ml,1,1.0
1749,Loreal Infallible Mattifying Base-30ml,1,1.0
1750,Lotus Sun Block SPF-40 100gm,1,1.0
1751,Lusni 4Pcs Big,1,1.0
1752,Lux Fragrant Skin Body Wash-245ml,1,1.0
1753,Lux Gardenia Blossom Soap- 170g,1,1.0
1754,Lux Skin Detox Body Wash-245ml,1,1.0
1755,M & M Gems Chocolate - 45g,1,1.0
1756,Ma SS Glass -57,1,1.0
1757,Ma Steel Bowl -56,1,1.0
1758,Ma Steel Mug-031,1,1.0
1759,Maccoffee Original-50g Jar,1,1.0
1760,Madina Azoa VIP Dates-500gm,1,1.0
1761,Madina VIP Morium Dates-1kg,1,1.0
1762,Maggi 2min Masala-620g (Sumo),1,1.0
1763,Maggi Cooking Sauce-200ml,1,1.0
1764,Maggi Healthy Soup Veg(4pcs combo),1,1.0
1765,Maggi Hot Cup Instant Soup 4Pcs Combo,1,1.0
1766,Maggi Noodles Masala Blast-252g 4Pack,1,1.0
1767,Maggi Sauce-680ml,1,1.0
1768,Mama Chicken Flavour Noodles-248gm,1,1.0
1769,Mama Creamy Chocolate-110gm,1,1.0
1770,Mama Masala Noodles-496g,1,1.0
1771,Mama Shrimp Flavour Noodles-248g,1,1.0
1772,Mama Tomyum Cup Noodles-62g,1,1.0
1773,Mama Vagina Gamsa-701,1,1.0
1774,Marks Full Cream Milk Powder-1Kg Tin,1,1.0
1775,Mars Chocolate -51g,1,1.0
1776,Marshmallow-100gm,1,1.0
1777,Maskalai Pulse-1Kg,1,1.0
1778,Master Hair Band -021,1,1.0
1779,Matador i-teen Pen-6pcs,1,1.0
1780,Maybellin Colossal Kajal-0.35g,1,1.0
1781,Mediplus Advanced Gum Care Tooth Brush,1,1.0
1782,Mediplus Tooth Paste-140gm,1,1.0
1783,Mediplus Toothpast-70g,1,1.0
1784,Melbourne S. Slices Cheese-200g,1,1.0
1785,Memory Chanachur-400gm,1,1.0
1786,Memory Chingri Monekka- 200gm Pkt,1,1.0
1787,Memory Juri Vaja Packet-200gm,1,1.0
1788,Memory Narikel Chira-100gm,1,1.0
1789,Memory Sweet Pitha Box,1,1.0
1790,Memory Til Papri-40gm,1,1.0
1791,Mens Glow & Handsome-100g,1,1.0
1792,Mentos Fruit Flavour,1,1.0
1793,Mentos Rainbow -37.8g,1,1.0
1794,Meril Baby Lotion-100ml,1,1.0
1795,Meril Baby Toothbrush (Panda),1,1.0
1796,Meril Baby Top To Toe Wash -200ml,1,1.0
1797,Meril Milk Beli Soap-150gm,1,1.0
1798,Meril Milk Soap 100gm,1,1.0
1799,Meril Nail /P Remover-40ml,1,1.0
1800,Meril Splash milk & beli Soap-100gm,1,1.0
1801,Meringue Marshmallow S Cookie - 65gm,1,1.0
1802,Methi Powder 100gm,1,1.0
1803,Microwave Cover - 09,1,1.0
1804,Milk Marie Biscuit- 210g,1,1.0
1805,Milk Marie-285gm,1,1.0
1806,Milk Merry Biscuits-240gm,1,1.0
1807,Milk Pan (Bakelite)-16cm,1,1.0
1808,Milk Soft Candy- 50g,1,1.0
1809,Milk Vita FC Milk Powder-1kg,1,1.0
1810,Milk Vita IFCMP Milk Powder-500gm,1,1.0
1811,Milk Vita Sour Curd-500gm,1,1.0
1812,Milky Bar Moould B-3(10 Tk off) -12.5g,1,1.0
1813,Milo Ball-330gm,1,1.0
1814,Mini Singara-600g,1,1.0
1815,Minister Bright Wash Detergent-1000gm,1,1.0
1816,Mirzapore BOP-500gm,1,1.0
1817,Miss & Mrs Kajal-.35g,1,1.0
1818,Miss & Mrs Nail Polish-15ml,1,1.0
1819,Mixed Herbs- 10g,1,1.0
1820,Miyako Rice Cooker MRC-918,1,1.0
1821,Miyako Sandwitch Maker SW-219M,1,1.0
1822,Mmeory Salt Monekka Pkt-200g,1,1.0
1823,Mohaz Head Phone C-100-061,1,1.0
1824,Mojo Naga Can 250ml,1,1.0
1825,Monia Lock Rtg Container 1450ml-917828,1,1.0
1826,Monty Ballon 100p-021,1,1.0
1827,Mothercare Baby Top To Toe Wash - 300ml,1,1.0
1828,Mountan Dew-250ml Can,1,1.0
1829,MP Baby Hair Clip -63,1,1.0
1830,MP Hair Clip-02,1,1.0
1831,MP Hair Kakra Band- 33,1,1.0
1832,MP Hair Kakra Clip -081,1,1.0
1833,MP Thai Hair Kakra -03,1,1.0
1834,Mr Noodles Cup -40gm,1,1.0
1835,Mr. N Chow Mein Stick Noodles B2 G1,1,1.0
1836,Mr. Noodles Magic Masala- 28pcs,1,1.0
1837,Mr. Potato 160g(Org),1,1.0
1838,Mr. White Detergent Powder 500g B3 G1,1,1.0
1839,Mr. White Detergent Powder- 2kg,1,1.0
1840,Mr.Cookie-Family Pack 275gm,1,1.0
1841,Mr.Noodles Chi-8pcs-496gm,1,1.0
1842,Mr.Noodles easy instant 16pkt 62gm,1,1.0
1843,Mr.Noodles Easy-12Pcs,1,1.0
1844,Mug Cover-202A,1,1.0
1845,Mun Lexus Biscuits Cho Cream-225g,1,1.0
1846,Munchys Lexus Cho Biscuit - 200g,1,1.0
1847,Music S C Feeding Bottle (01101)-240ml,1,1.0
1848,Muslim Chirar Moya-20Pcs,1,1.0
1849,Muslim D Khurma-200g,1,1.0
1850,Muslim Fry Chick Peas-200g,1,1.0
1851,Muslim Moogdal Vaza-200g,1,1.0
1852,Muslim Soft Monekka-200g,1,1.0
1853,Muslim Soft Nimki-200g,1,1.0
1854,Muslim Till Naru-1 Box,1,1.0
1855,Muslim White Peanut-100g,1,1.0
1856,Mustard Powder-50gm,1,1.0
1857,Mutton,1,1.0
1858,N.W. Roasted Salted Peanut- 50gm,1,1.0
1859,Nababi Bakerkhani (Sweeten)- 400g,1,1.0
1860,NAJ baby Toast Biscuits -300gm,1,1.0
1861,NAJ salted Biscuits -400gm,1,1.0
1862,Nankhatai Biscuit-200g,1,1.0
1863,Naples Mayonnaise-170ml,1,1.0
1864,Nescafe Classic Coffee-50gm,1,1.0
1865,Nescafe Original Can-240ml,1,1.0
1866,Nescafe Original Coffee-200g,1,1.0
1867,Nestle Kitkat Chocolate- 41.5g,1,1.0
1868,Nestle Milo-400g,1,1.0
1869,Nestle Nan Opti Pro 6-12 months,1,1.0
1870,Neutrogena Refreshingly C F Wash- 200ml,1,1.0
1871,Nido FCMP BIB-700gm,1,1.0
1872,Nido Growing Milk 1+ BIB - 350gm,1,1.0
1873,Nivea B.Lotion Intensive Moisture-400ml,1,1.0
1874,Nivea Bodi Milk Shea Smooth- 400ml,1,1.0
1875,Nivea Creme - 30ml,1,1.0
1876,Nivea Lemon Shower Gel-250ml,1,1.0
1877,Nivea Men Roll On FA-50ml,1,1.0
1878,Nivea Soft Berry Cream-50ml,1,1.0
1879,Noodles Masala-35g,1,1.0
1880,Noret 28,1,1.0
1881,Nut Walker C Nut Thai Lime & Chili -130g,1,1.0
1882,Nut Walker C Nuts R Salted -120g,1,1.0
1883,Nut Walker Pistachios Dry R Salted -240g,1,1.0
1884,Nutrilife Cranberry Fruit Magic-1Ltr,1,1.0
1885,Nutty Biscuits- 250g,1,1.0
1886,Oat Krunch Dark Cho-208gm,1,1.0
1887,Oat Krunch Nutty Cho-208gm,1,1.0
1888,Oat Krunch Strawberry&Black -208gm,1,1.0
1889,Odonil Air Freshner B2 G1-75g,1,1.0
1890,Odonil Air Freshner Jasmine Mist- 48gm,1,1.0
1891,Olay T.E.Regular Cream-20gm,1,1.0
1892,Olio Orolio Massage Oil-150ml,1,1.0
1893,Omuda Nailcutter-2014,1,1.0
1894,Omuda Silver Nailcutter-3061,1,1.0
1895,Onion Powder 100g,1,1.0
1896,ONN Mens Vest-001,1,1.0
1897,"Opal Bowl Set 6""-B1",1,1.0
1898,Oral B Ultra Thin Sensitive Green 2+2,1,1.0
1899,Oral-B Criss Cross Toothbrush- B2 G1,1,1.0
1900,Oral-B Gum Protect Tootbrush,1,1.0
1901,Oreo Choco Cream Biscuits-120gm,1,1.0
1902,Oreo Mini Cup Biscuits-20.4g,1,1.0
1903,Organikare Miracle Face Wash - 100gm,1,1.0
1904,Organikare Pink Hand Wash-250ml,1,1.0
1905,Organikare(Orange Hand Wash +Refil)Combo,1,1.0
1906,Orna House HIjab Orna-082,1,1.0
1907,Orna House Hijab-013,1,1.0
1908,Ossum Perfumed Body Mist-115ml (Romance),1,1.0
1909,P Thai Noodles Oriental B3G1-150g,1,1.0
1910,Palmolive Soap-170g,1,1.0
1911,Pandene Total Damage Care Shampoo- 180ml,1,1.0
1912,Pantene Shampoo-340ml (Long Black),1,1.0
1913,Papar (Dried Ethinic Snack)-100g,1,1.0
1914,Parachute Just For Baby Powder 200gm,1,1.0
1915,Parachute N Anti Hair Fall Shampoo-340ml,1,1.0
1916,Parashute Beli Lite 200ml,1,1.0
1917,Parodontax Toothpaste-75gm {Ultra Clean},1,1.0
1918,Partex Cleen Kitchen Towel-1Roll,1,1.0
1919,Pastavilla Penne Rigate Pasta- 500g,1,1.0
1920,Pastiano Long Cut Vermicelli Semai-450gm,1,1.0
1921,Pastiano Pasta Maja Macaroni poly -250gm,1,1.0
1922,Patersons Shortbread Fingers-300gm,1,1.0
1923,PC Cleansing Gel All Skin-150ml,1,1.0
1924,PC Mon Joli vernis-10ml,1,1.0
1925,PC P. Matte Edi. Rouge Lipstick,1,1.0
1926,PC Studio Nails-11.5ml,1,1.0
1927,Peanut Butter Sandwich 125g,1,1.0
1928,Pearl F Eyebrow Pencil -1.7g,1,1.0
1929,Pedia Sure (Vanilla Flavour) Milk -400g,1,1.0
1930,Pepsi (Diet) 600ml,1,1.0
1931,Pepsi-2Lt(Pet),1,1.0
1932,Pepsodent Baby ToothPast-50gm All,1,1.0
1933,Pepsodent Fresh-140g,1,1.0
1934,Pesta Nut-100g,1,1.0
1935,Petra Resin Adhesive 50g,1,1.0
1936,Photo Fream-051,1,1.0
1937,Pillow Chocolate Chips,1,1.0
1938,Pinch Melamine Bowl,1,1.0
1939,Pink Salt-200g,1,1.0
1940,Pizza Bread-225gm,1,1.0
1941,Plain Sugar Bread-150gm,1,1.0
1942,Plastic Straws 4pcs- 59,1,1.0
1943,Polar Butterscotch Ice Cream,1,1.0
1944,Polar Cake - 1Ltr,1,1.0
1945,Polar Choco Crombo Ice Cream-1ltr,1,1.0
1946,Polar Ice Cream Mango-1Ltr(Tub),1,1.0
1947,Polar Ice-Cream Mango Mellow-1Ltr,1,1.0
1948,Polar Ice-Cream Zafran Malai-1Ltr,1,1.0
1949,Polar Premium Doi-1L,1,1.0
1950,Polar Raffinato Mocha Ice Cream- 1L,1,1.0
1951,Ponds Mineral Clay Face Wash-90g,1,1.0
1952,Ponds Oil Control Face Wash-100g,1,1.0
1953,Ponds Pure White FW-50g,1,1.0
1954,Ponds Super Light Gel -49g,1,1.0
1955,Ponds White Beauty Skin Cream -50g,1,1.0
1956,Pozzy Wet Wipes-120Pcs,1,1.0
1957,Pran Chatpati Masala(50g),1,1.0
1958,Pran Chicken Roast Masala-35g,1,1.0
1959,Pran Chilli Powder-100gm,1,1.0
1960,Pran Chilli Sauce-340g,1,1.0
1961,Pran Frooto Mango Juice-1Lt,1,1.0
1962,Pran Haleem Mix 200g - B2G1,1,1.0
1963,Pran Hot Tomato Sauce(1000g),1,1.0
1964,Pran Hot Tomato Sauce-340gm,1,1.0
1965,Pran Jhatpot Chicken sausages 250g,1,1.0
1966,Pran Jhatpot French Fry- 500g,1,1.0
1967,Pran Jhotpot Tandoori Pizza- 210gm,1,1.0
1968,Pran Lachcha Samai-200gm,1,1.0
1969,Pran Mix Fruit Jam-500g,1,1.0
1970,Pran Nazirshail Rice -5Kg,1,1.0
1971,Pran Potata Biscult-100g (B3G1),1,1.0
1972,Pran Puffed Rice-500gm,1,1.0
1973,Pran Puffedi Rice-250gm,1,1.0
1974,Pran Ready Fuchka-200g,1,1.0
1975,Pran Soyabin Oil 500 ml,1,1.0
1976,Pran Turmeric Powder-200g,1,1.0
1977,Premio Diamond Mug - 2L All,1,1.0
1978,Prince Corn Flour-150gm,1,1.0
1979,Prince Jhal Toast-350gm,1,1.0
1980,Prince Special Ovaltine Biscuite-400g,1,1.0
1981,Prince Special Saltest(400g)Bk,1,1.0
1982,Pringles All-149g,1,1.0
1983,Pringles Original-40g,1,1.0
1984,Pro-Dental Floss Pick(36Pcs),1,1.0
1985,Prodentalb Precision Toothbrush,1,1.0
1986,Prosperity Nodles Carrot,1,1.0
1987,Pusti Aromatic Chinigura Rice - 1000g,1,1.0
1988,Pusti HT Aloo Vhujia -20g,1,1.0
1989,Pusti HT BBQ Chanachur -250g,1,1.0
1990,Pusti HT Ghee Toast Biscuit -250g,1,1.0
1991,Pusti HT Horlicks Biscuit -270g,1,1.0
1992,Qiamlili Makeup Puff- 8438,1,1.0
1993,Quaker Oats- 450g Pkt,1,1.0
1994,Quaker Oats-450gm Jar,1,1.0
1995,Quaker Whole Oats- 700g,1,1.0
1996,Quality Baby Cap-06,1,1.0
1997,Quality Brown Box Egg-1Dzn,1,1.0
1998,Quality Chicken Gizzard Singara,1,1.0
1999,Quality Dal Puri 10Pcs-450gm,1,1.0
2000,Quality Smoked Sausage-350g,1,1.0
2001,Radhini Meat Cury Masala-100g,1,1.0
2002,Radhini MeatCury Masala-20g,1,1.0
2003,Radhuni Beef masala-25gm,1,1.0
2004,Radhuni Chicken Masala-100gm,1,1.0
2005,Radhuni Chilli Flakes-40gm,1,1.0
2006,radhuni custard powder,1,1.0
2007,Radhuni Falooda Mix Mango-250gm,1,1.0
2008,Radhuni Firni Mix-150,1,1.0
2009,Radhuni Haleem Mix 200Gm,1,1.0
2010,Radhuni Jorda Mix-400gm,1,1.0
2011,Radhuni Korma Masala- 30gm,1,1.0
2012,Radhuni Musterd Oil 250ml,1,1.0
2013,Radhuni Spice Coriander-200g,1,1.0
2014,Ragu Pizza Sauce-396g,1,1.0
2015,Rahad Make Up Brush Set -003,1,1.0
2016,Ramisa Chicken Chips-125g,1,1.0
2017,Ramisa Dal Vaja-200g,1,1.0
2018,Ramisa Fried Cocunut-100g,1,1.0
2019,Ramisa Jamai Pitha - 150gm,1,1.0
2020,Ramisa Jhal Munakka-200gm,1,1.0
2021,Ramisa Labango Pitha Box-6 Pcs,1,1.0
2022,Ramisa Nut(Oil)-200gm,1,1.0
2023,Ramisa- Til Papri Pkt-100gm,1,1.0
2024,Ramisa-Chirar Laddu Pkt-20 Pcs,1,1.0
2025,Ramisa-Fried Chira Masala Pkt-200gm,1,1.0
2026,Ramisa-Jhinuk Pitha Box-250gm,1,1.0
2027,Ramisa-Murali Pkt-200gm,1,1.0
2028,RC-Jeera Pani-250ml,1,1.0
2029,RD Mango Milk (IPI)-200ml,1,1.0
2030,Red Cow Butter Oil 200Gx24,1,1.0
2031,Reenpark Green Peas-425gm,1,1.0
2032,Reenpark Sweet Corn-425g,1,1.0
2033,ResQ-30,1,1.0
2034,Revive Powder Sun Block-200gm,1,1.0
2035,Revlon Colorsilk Light G.Brown Color 5G,1,1.0
2036,Revlon Colorsilk Soft Black Color 1WN,1,1.0
2037,Revlon Flex Conditioner-20FL All,1,1.0
2038,"RFL 12"" Rice Bowl-919862",1,1.0
2039,RFL Bela Ruti Box Medium,1,1.0
2040,RFL Diamond Jar-2.5L,1,1.0
2041,RFL Fkat Lid,1,1.0
2042,RFL Globe Jar -450ml,1,1.0
2043,RFL Merina Jar 2L,1,1.0
2044,RFL Tray 11.5,1,1.0
2045,RFLMonia Lock Cont Rtg-825ml,1,1.0
2046,RICHO Printer 2023,1,1.0
2047,Rin Liquid Detergent -800ml,1,1.0
2048,Rin Liquid-400ml,1,1.0
2049,Rin Power Bright- 2kg,1,1.0
2050,Roja Butterfly Shrimps- 200g,1,1.0
2051,Roja Deshi Classic Paratha 10Pcs-650g,1,1.0
2052,Roja Fish Kievs 12Pcs- 240g,1,1.0
2053,Rok Bleaching Powder(500g),1,1.0
2054,ROK Floor Cleaner-1000ml (Pine),1,1.0
2055,Rok Lemon Fresh Dishwashing Liquid-500ml,1,1.0
2056,Roma Arden Tender Bite Cookies -80gm,1,1.0
2057,Rose Water-180ml,1,1.0
2058,Roseberry Plum Dry-115g,1,1.0
2059,Roti Chapati 20Pcs-1000g,1,1.0
2060,Royal Club Soda-500ml,1,1.0
2061,Royal Garden,1,1.0
2062,Royal Mirage Scent-120ml,1,1.0
2063,Ruchi Alu-Bukhara Pickle-200g,1,1.0
2064,Ruchi Garlic Sauce-350gm,1,1.0
2065,Ruchi Mango Pickle-400g,1,1.0
2066,Ruchi Olive Pickle-400g,1,1.0
2067,Ruchi Puffed Rice-400gm,1,1.0
2068,Ruchi Red Chilli Sauce-360gm,1,1.0
2069,Ruichi Garlic Pickel-200gm,1,1.0
2070,Rupa Underwire -08,1,1.0
2071,Rupchada Soyabean-3Lt(PET),1,1.0
2072,Rupchanda Soyabean-8Lt,1,1.0
2073,S.Lemon Burst Antiseptic Handwash-180ml,1,1.0
2074,Saad Custard POwder Tin Can 150G,1,1.0
2075,Saad Testy Bit Salt-100gm,1,1.0
2076,Saad Tomato Sauce-340gm,1,1.0
2077,Safe Hand wash (Purpel) 300ml,1,1.0
2078,Safety Plus Floor Cleaner Lemon -1000ml,1,1.0
2079,Safety Plus Floor Cleaner Orchid-1000ml,1,1.0
2080,Safety Plus Glass Cleaner Refil-350ml,1,1.0
2081,Safety Plus hand Wash polly (B2G1)-200ml,1,1.0
2082,Sajeeb Bar-B-Q Noodles-180gm,1,1.0
2083,Sajeeb Hot Tomato Sauce-340g,1,1.0
2084,Sajeeb Mr. Chocoz-200gm,1,1.0
2085,Sajeeb Pancake Mix-500gm,1,1.0
2086,Sajeeb Soft Drink Powder Orange500g,1,1.0
2087,Sakura Plum Dry-115g,1,1.0
2088,Sanjida Knife Holder-091,1,1.0
2089,Sanjida Stone Piri-058,1,1.0
2090,Sanjida Wash Net-54,1,1.0
2091,Sanjida Wooden Beloon-057,1,1.0
2092,Sanjida Wooden Body Masaj-58,1,1.0
2093,Sanjida Wooden Dabu Spoon -54,1,1.0
2094,Sav.Men soap 100gm,1,1.0
2095,Savlon Active Hand Wash-250ml,1,1.0
2096,Savlon Aloe Vera Hand Wash- 200ml,1,1.0
2097,Savlon Antiseptic Liquid 56ml,1,1.0
2098,Savlon Antiseptic Shield Hand Wash-500ml,1,1.0
2099,Savlon Detergent Powder-500gm,1,1.0
2100,Savlon Freedom -8Pads,1,1.0
2101,Savlon Freedom Heavy Flow-8Pads,1,1.0
2102,Savlon Hand Wash Ocean Blue- 200ml,1,1.0
2103,Savlon Lavender Hand Wash 1L,1,1.0
2104,Savlon Liquid-1Ltr,1,1.0
2105,Savlon Liquid-500ml,1,1.0
2106,Savlon Soap 3Pcs 15Tk Save-100g All,1,1.0
2107,Savory Biryani Masala-40g,1,1.0
2108,Savory Chatpati Masala-50gm,1,1.0
2109,Savory Haleem Mix-200gm,1,1.0
2110,Savory Kala Bhuna Masala-80gm,1,1.0
2111,Savoy Ice Cream 1L (Chocolate),1,1.0
2112,Savoy Ice Cream-120ml {Kheer Malai},1,1.0
2113,Savoy Ice Cream-120ml {Mawa Kulfi},1,1.0
2114,Savoy Mango Ice Creem-1/2ltr,1,1.0
2115,SC Biotin Shampoo With Onion Ex(B1G1free)-250ml,1,1.0
2116,Schick 2 Exacta Women-5+2,1,1.0
2117,SCL Groome Eyebrrow& Facial Razor,1,1.0
2118,SCL Lavender Essential Oil- 10ml,1,1.0
2119,SCL Rajkonna G. Booster Face Wash-100ml,1,1.0
2120,SDGD LED Flash Light SD-8670,1,1.0
2121,Secret Women Deo Roll-On 50ml (Rasasi),1,1.0
2122,Select Plus Anti D Shampoo-75ml,1,1.0
2123,Senora Confidence-15Pads,1,1.0
2124,Senora S.Nap(Panty)-10s Pad,1,1.0
2125,Senora S.Napkin Panty 15Pads,1,1.0
2126,Sensodyne Daily Care Toothbrush,1,1.0
2127,Sensodyne Deep Clean Toothbrush {B2G1},1,1.0
2128,Sensodyne Deep Clean Toothpaste-70g,1,1.0
2129,Sensodyne Fresh Mint Toothpaste-75g,1,1.0
2130,Sensodyne Rapid Relief Toothpaste-80g,1,1.0
2131,Sensodyne Repair&Protect Toothpaste-100g,1,1.0
2132,Sensodyne Sensitivity & Gum Toothbrush,1,1.0
2133,Sensodyne ToothPaste Fresh Min-130g GSK,1,1.0
2134,Sepnil Hand Sanitizer Pump-40ml,1,1.0
2135,Sepnil Hand Wash Refil-170ml,1,1.0
2136,Sepnil Sanitizing HW-170ml (B3G1),1,1.0
2137,Septex Everyday anti.170ml,1,1.0
2138,Seven Choco Bean,1,1.0
2139,Seylon Pyramid Tea Bag-100gm,1,1.0
2140,Shahi Cumin-50gm,1,1.0
2141,Shakti Plain Yogurt -320g (4pcs Combo),1,1.0
2142,Shakti Strawberry Doi-320g (4pcs Combo),1,1.0
2143,Shammi Cranberry Juice-1L,1,1.0
2144,Shan Achar Gosht Masala-50g,1,1.0
2145,Shan Chaat Masala-100gm,1,1.0
2146,Shan Chicken Tikka-50g,1,1.0
2147,Shan Karachi Beef Biryani -60g,1,1.0
2148,Sharpner -03,1,1.0
2149,Shezan Tomato Ketchup-1Kg,1,1.0
2150,Shinex Floor Cleaner Citrus-1000ml,1,1.0
2151,Shipon Chain-071,1,1.0
2152,Shipon Ear Tops -021,1,1.0
2153,Shipon Ear Tops-09,1,1.0
2154,Shipon Ornaments-071,1,1.0
2155,Shipon Stone Ear Ring-051,1,1.0
2156,Shohel Freeze Hand Cover-09,1,1.0
2157,Shokti Mango Delight(4pcs Combo)- 320g (Kids),1,1.0
2158,Shokti Mango Yogurt-320gm (4pcs Combo),1,1.0
2159,Shokti Strawberry Delight- 80g (Adult),1,1.0
2160,Shokti Strawberry Yogurt -320g (4pcs Combo),1,1.0
2161,Shokti Vanilla Delight (4pcs Combo)-320g (Adult),1,1.0
2162,Sk Red Grape Juice-1L,1,1.0
2163,SKB 3Layer Wok Glass Lid SS H-20cm,1,1.0
2164,SKB Milk Pan With Handle-16cm,1,1.0
2165,SKB Mixed Bowl-30cm,1,1.0
2166,SKB Mug -08cm,1,1.0
2167,SKB Mug-10cm,1,1.0
2168,SKB Rice Spoon 01,1,1.0
2169,Slim Soft Toothbrush,1,1.0
2170,Snickers Minis-333g,1,1.0
2171,Sony Alka. AAA Battery 2pcs,1,1.0
2172,Sophia Astey Compact Powder- 12g,1,1.0
2173,Sovory Molasses Brown Sugar -454g,1,1.0
2174,Soya Sauce-500ml,1,1.0
2175,Spaghetti Pasta Hat - 400gm B1G1,1,1.0
2176,Spark Water Bottle- 700ml,1,1.0
2177,Special Quality Biscuit 400g Pot (Bk),1,1.0
2178,Special Quality Cream Biscuit-400g(Bk),1,1.0
2179,Sprite Can-320ml (Malay),1,1.0
2180,Sprite Org /250 ml,1,1.0
2181,Sprite-2.25Lt(Pet),1,1.0
2182,Starship FCMP-500gm (F.Pack),1,1.0
2183,Strawberry Kids (4pcs Combo)- 320g,1,1.0
2184,Strawberry Yogurt Drink UHT-125ml,1,1.0
2185,Stute Cranberry Juice-1.5L,1,1.0
2186,Sufia Comb-06,1,1.0
2187,Sufia Comb-07,1,1.0
2188,Sun Chips Mix Masala 80g,1,1.0
2189,Sun Hairfall Solution Shampoo-170ml,1,1.0
2190,Sunkist Pistachios - 150gm Pkt,1,1.0
2191,Sunquick Orange Juice- 330ml,1,1.0
2192,Sunsilk Conditioner-300ml,1,1.0
2193,Sunsilk Hair Fall Solution Shampoo-170ml,1,1.0
2194,Sunsilk Perfect Straight Sampoo-340ml,1,1.0
2195,Sunsilk shampoo black shine-170ml,1,1.0
2196,Sunsilk Shampoo Thick & Long-650ml,1,1.0
2197,Sunsilk Shampoo- 300ml All,1,1.0
2198,Super Clay Foam-031,1,1.0
2199,Suree Fish Sauce-150ml,1,1.0
2200,Suree Sweet Chilli Sauce-295ml,1,1.0
2201,Swan Brand Coconut Oil-350ml,1,1.0
2202,Swetened Condensed Milk-No.1,1,1.0
2203,Swiss Roll Strawberry Cake-375gm,1,1.0
2204,T.Ice Cool Talc-100gm,1,1.0
2205,T.Twister Orange F Drink- 1.5L,1,1.0
2206,Taaqa Apple Juice-160ml,1,1.0
2207,Tang Orange Drink Powder - 500gm {Pkt},1,1.0
2208,Taslima Towel-79,1,1.0
2209,Tayas Almond S.Chocolate-700g (TIn),1,1.0
2210,Tayas Magic Chocolate-700g {Tin},1,1.0
2211,Taza Black Tea Bag-100g,1,1.0
2212,Technic Mega Lash-14ml,1,1.0
2213,Teer Advance Fortified Oil-8Ltr,1,1.0
2214,Teer Haleem Mix-200gm,1,1.0
2215,Tetley Green Tea Bag- 25 {Lemon&Honey},1,1.0
2216,THL Nano Tooth Brush,1,1.0
2217,Tibet 570 Soap-130gm,1,1.0
2218,Toi Moi Vanilla C Wafer Biscuits-18pcs,1,1.0
2219,Tokmadana-100gm,1,1.0
2220,Top Tasting Salt-100g,1,1.0
2221,Treseme Hair Fall Defense Shampoo -580ml,1,1.0
2222,Trident S.Gum Aritical.F 14 Sticks,1,1.0
2223,Trisa Flexible White Toothbrush -90010,1,1.0
2224,Trisa Fresh Super C Brush-90006,1,1.0
2225,Turmeric Powder(100gm),1,1.0
2226,Twinings Green Tea-40gm,1,1.0
2227,U.S.A Beauty Care Face Out Soap-120ml,1,1.0
2228,UHT Chocolate Milk Drink-125ml,1,1.0
2229,Ultra Fruitn Yogurt Strawberry-75ml,1,1.0
2230,Ultra Probiotic Yogurt Drink Mango-200ml,1,1.0
2231,"UM Baby Plate 9.25"" UM-426",1,1.0
2232,Vanilla Kids (4pcs Combo)- 320g,1,1.0
2233,Vaseline Aloe Soothe Lotion-400ml,1,1.0
2234,Vaseline Body Lotion 100ml,1,1.0
2235,Vaseline Cocoa Glow Lotion- 400ml,1,1.0
2236,Vaseline Health White-400ml,1,1.0
2237,Vaseline Healthy White Lotion-300ml,1,1.0
2238,Vaseline Petrolium Jelly-100ml,1,1.0
2239,Vatika Enriched Coconut Hair Oil-150ml,1,1.0
2240,Veet Cream 100g (Normal Skin),1,1.0
2241,Vegetable Roll,1,1.0
2242,Vinut Red Grape Juice 250ml,1,1.0
2243,Vinyt Red Grape Juice Can-240ml,1,1.0
2244,Vita Orange Juice 1l,1,1.0
2245,Vivel Soap-100g,1,1.0
2246,Vixol Bathroom Cleaner -900ml (All),1,1.0
2247,W7 Eyeliner-8ml,1,1.0
2248,Wave Air Freshner Lemon-300ml,1,1.0
2249,Wet n Wild Max Volume Mascara-8ml,1,1.0
2250,Whisper Ultra Nights Xl Pads,1,1.0
2251,White bread Big-500gm,1,1.0
2252,White Chocolate Digestive-125g,1,1.0
2253,White Tone Face Powder-30g,1,1.0
2254,Wide S Nipple 2pcs S Hole L-22207,1,1.0
2255,Wood Apple Small (Bell),1,1.0
2256,Yardley Jasmine Perfumed.T-250g,1,1.0
2257,Yardly Perf.Talc Powder-250gm,1,1.0
2258,YC Facial Scrub Papaya-175ml,1,1.0
2259,Yowe Oyster Sauce -510gm,1,1.0
2260,Yupi Fruit Cocltails -30gm,1,1.0
2261,Yusera Hand Wash -170ml (Spain)Refill,1,1.0
2262,ZeroCal 75s Box,1,1.0
2263,Zerocal-150gm,1,1.0
2264,Zess Biscuits All FLV-127g,1,1.0
2265,Prince Chicken Leg,1,0.99
2266,Apple Fuji Big,1,0.98
2267,Owl Kanchu,1,0.96
2268,Mango Fazli,1,0.93
2269,Al-Ansar Sukkaria Dates- kg(Loose),1,0.89
2270,Nona Hilsha Shutki,1,0.85
2271,Alovera,1,0.75
2272,Chicken Kima-Kg,1,0.68
2273,Magur Fish Process (kg),1,0.65
2274,Mango Banana,1,0.65
2275,Kalpana Korai,1,0.63
2276,Eel Fish (Baim Star)-Small,1,0.59
2277,Sofeda,1,0.59
2278,Brinjal (Oval) Small Red-kg,1,0.57
2279,Al- Ans SUGAI Dates kg-(Loose),1,0.55
2280,NJ Fresh Sweet Potato- 500g,1,0.5
2281,Shrimp Fish( Galda)-(TR),1,0.5
2282,Capsicum Yellow(kg),1,0.49
2283,Radish (White)-kg,1,0.49
2284,Azoa Dates-kg(Loose),1,0.47
2285,Latkon Fruits,1,0.44
2286,Shrimp FIsh Dima Big (HB),1,0.42
2287,Dry Boroi-1kg,1,0.36
2288,Carrot (Deshi) kg,1,0.33
2289,Golap Jam,1,0.33
2290,Onion With Leaves (Kg),1,0.32
2291,Kamranga,1,0.31
2292,Grape Black,1,0.29
2293,Madina Azoa VIP Dates-kg(Loose),1,0.26
2294,Morium Super Dates- Kg(Loose),1,0.26
2295,Kaikka River-Kg,1,0.25
2296,Amloki,1,0.11
