itemName,category
10 Bowl,E
10 Colour Pen -05,STA
"10"" Double Color Coup Plate",E
7 Up-1Ltr(Pet),E
7 in One Hair Oil Almond-200ml,E
7Up 2Ltr,E
ACI Aerosol 350ml,E
ACI Aerosol 475ml,E
ACI Aerosol 800ml,E
ACI Aerosol-250ml,E
ACI Freedom Sanitary Napkin-15pads,E
ACI Nutrilife F.E Rice Bran Oil-5ltr,E
ACI Pure Biryani Masala B2 G1-40g,SPI
ACI Pure Chinigura Rice-1Kg,E
ACI Pure Halim Mix B2 G1-100g,SPI
ACI Pure Kabab Masala B2 G1-50g,SPI
ACI Pure Minicate Rice-5kg,E
ACI Pure Salt-1Kg,E
ACI Salt Bottle-750g,E
AD Faber Castell Pencil HB/2B -1pis,STA
AD Osaka PVC Tape--61,STA
AD Plastic File Bag-012,STA
AD Ring Khata -300 Pages,STA
AD University Khata-160page,STA
AG Chicken Meat Ball Spicy-250g,E
AG Chicken Sausage Plain-340gn,E
AG Chicken Spicy Nuggets-250g,E
AG French Fries-500g,E
AG Jumbo Vegetable Singara 10p-400g,E
AG Mini Chicken Singara-300g,E
AG Mini Chicken Spring Roll-250g,E
AG Plain Paratha C.P -650g (10pcs),E
AG Plain Paratha F. P-1300g (20pcs),E
AG Real Mayonnalse 473 ml,AG
AG Red Wheat Rooti-800g,E
AG Spicy Chicken Sausages-340g,E
AG Vegetable Spring Roll-400g,E
AJI-No-Moto Tasting Salt-42g,E
AMA 3in1 Coffee-6Pcs (combo),COF
AS Baby Dropper Feeding Device,E
AS Breast Feeling Milk,E
AS Liquid Silicone Pacifier,E
AS PP Feeding Bottle-150ml,E
Aafi Mango Drink-1 Ltr Pet,E
Aaram Orange Juice- 1L,E
Aarong Butter Salted-100gm,E
Aarong Cheese Cubes Classic-120g,E
Aarong Cheezarella Cheese-200gm,E
Aarong Ghee 200g,E
Aarong Laban-250ml,E
Aarong Laban-500ml,E
Aarong Liquid Milk-1/2Ltr,E
Aarong Low Fat Yoghurt-500gm,E
Aarong Matha-200ml,E
Aarong Pasteurized Premium Milk-1Ltr,E
Aarong Pasturized FC Milk 1000ml,E
Aarong Pasturized Liquid Milk-1Ltr Reg.,E
Aarong Probiotic Yogurt-500gm,E
Aarong Sliced Cheese Classic- 204g,E
Aarong Sliced Cheese Peri Peri-204g,E
Aarong Sliced Cheese Pizza-204g,E
Aarong Sour Yogurt-500gm,E
Aarong Sweet Yogurt-500gm,E
Aarong Yogurt Sour Curd-500gm,E
Aci Pure Aromatic Rice 2kg,E
Aci Pure Atta 2kg,E
Aci Pure Maida -2kg,E
Aci Pure Mustard Oil 1000ml,E
Aci Salt-100mg (Bottle),E
Act II Butter Delite-70g,E
Adorsho Lipi Book- 02,STA
Aer Spray Cool- 270ml,E
Aer Spray Fresh- 270ml,E
Aer Spray Morning - 220ml,E
Aer Violet Air Freshner- 240ml,E
Agar- Agar -25gm,CNF
Ahmed Tomato Hot Sauce-340g,E
Ahmed White Vinegar-250ml,E
Air Wick Citrus Splash-50gm,E
Akher Sugar -1kg,E
Akher Sugar -2kg,SUG
Akrut--50g,SPI
Al Shafi Natural Honey Jar-250g,E
Al- Ans SUGAI Dates kg-(Loose),AL-
Al- Ans Safavi Sp Dates-500gm,AL-
Al-Ansar Sukkaria Dates- kg(Loose),AL-ANSAR
Alam Baby Dress-031,BDR
Alam Baby Dress-09,BDR
Alam Baby Frock-013,BDR
Alfa Mayonnaise-236.5ml,MCC
Alfa Mayonnaise-473ml,MCC
All Time Milk Bread- 300gm,BAK
All Time Sandwich Bread- 600gm,E
Almarai Cream Cheese - 200gm,MCC
Almas Pray Tupi- 06,TEX
Almas Tupi-07,TEX
Aloe Vera Hair Oil 250ml,E
Alovera,ALOVERA
Alu Bukhra-100g,SPI
Alu Bukhra-200gm,SPI
Aluminium Foil Container 12pcs-510ml,E
Alupuri,ALUPURI
Ambition Tooth brush,E
Amloki,AMLOKI
Amon Rice -Kg (Lose),AMON
Amra(kg),AMRA(KG)
Amul Cool Kesar Flavour 180ml,BEV
Amul Dark Chocolate-150g,CHO
Amul Kool Kesar FLV-150ml,JUC
Amul Kool Kesar-180ml,JUC
Amul Milk Chocolate- 40gm,CHO
Angelic Air Fresh-300ml G/V,E
Angelic Air Fresh-300ml Sparkling,E
Angelic Fresh 300ml(Citrus),E
Angelic Fresh 300ml(Orchid Breeze),E
Apple Fuji,APPLE
Apple Fuji Big,APPLE
Apple Green,APPLE
Apple(Gala),APPLE(GALA)
Aquafina Drinking Water- 500ml,E
Aquafina Drinking Water-1Ltr,E
Arla Dano Daily Pushti-1kg,E
Arla Dano Daily Pushti-200gm Pack,E
Arla Dano Daily Pushti-500gm,E
Arla Full Cream Milk 3.5%-1Ltr,E
Arla Sandwich Slice- 200gm,E
Arong Milk Powder IFCMP-500gm,E
Arong UHT FC Milk-200ml (Fino),E
Arrow Toothbrush,E
Aseel Veg Ghee-500,OIL
Asif Bicycle Towel-24x48,TEX
Asli Almol Kali Mehndi,COS
Assorted DSGN Scarf Pin-PSAP 1pcs,ORN
Atlas BMW Long Umbrella-083,GFT
Austogram Mozzarella Cheese-250gm,AUSTOGRAM
Austrogram Cheese,AUSTROGRAM
Avonee Diaper XXL (14-25Kg)-4pcs,E
Ayesha Gas Lighter -56,KHA
Ayir Fish (Big)-(HB),AYIR
Ayir Fish (Medium )-(HB),AYIR
Ayir Fish (Small)-(HB),AYIR
Azoa Dates-500gm,AZOA
Azoa Dates-kg(Loose),AZOA
B Toilet Tissue Extra Saving Pack 4Rolls,E
B.B Tazza Black Tea -400g,E
B.Paper Napkin (Perfumed)-80Pcs,E
BD Butter Toast Biscuit- 250gm,E
BD Chilli Powder (100gm),E
BD Chilli Sauce- (360gm),E
BD Chilli Sauce- 1000g,E
BD Dry Cake Biscuit-300g,E
BD Food Chanachur(280gm),E
BD Food Hot/Jhal Chanacur-300gm,E
BD Garam Masla-50gm,E
BD Haleem Mix(175g),E
BD Ispaghula-45gm,E
BD Kheer Mix-150g,E
BD Roast Masala - 35gm,E
BD Tomato Sauce-340gm,E
BD Turmeric Powder(200gm),E
BD White Vinegar- 650ml,E
BD White Vinegar-300ml,E
BE Coffee Nut- 200gm,BE
BE Peanut White- 200g,BE
BE Till Naru- 15Pcs,BE
BFL Aluminium Foil 5 Miter,E
BFL Foil Container 6pcs-510ml,E
BTC Birthday Cap KomDami-51,GFT
BTC Foyel Birthday Benner-031,GFT
Baby Cherie Cotton Buds-100pcs,BAB
Baby Corn(Fesh),BABY
Baby Plate- UMC002,PLA
Baby S. Wide Neck Nipple AB-202MF2BC,E
Baby Sipper Cup Mom Pot:AB-301001WB,E
Bacha Boot Pulse 1Kg,PUL
Bactrol Liquid Hand Wash-200ml,E
Bajaj Almond Drops Hair Oil-100ml (BD),E
Bakemans Choco Boost-250gm,E
Bakemans Glaze-200gm,E
Bakemans Lexus Biscuit-58gm,E
Bakemans Ovaltine Biscuit-80gm,CNF
Bakemans Ovaltine Biscuts-250gm,E
Bakemans Saltice Biscuit-50gm,E
Balachaw Hot & Spicy Fry Shrimp- 250g,CNF
Banana Green Small-kg,BANANA
Banana Mocha-Pc,BANANA
Banana(Sagor),BANANA(SAGOR)
Bangi Small- Kg,BANGI
Baoma Mosquito Coil (Lemon),INS
Baqarah Pasteurized Milk- 1L,E
Barchun Oyster Sauce-350ml,CNF
Bari-4 Mango,BARI-4
Barley Arrarot-200mg,DTR
Barley Arrarot-400mg,DTR
Barley For Eating-200gm,HLT
Bas. Kitchen Towels 1Roll,E
Bashu Facial Tissue 240Sheet,E
Bashu. Toilet Tissue (White),E
Bashun Paper Towel - 250Pcs,E
Bashun Paper Towel 1Ply- 250Pcs,E
Bashundhara Atta-2kg,E
Bashundhara Brown Atta-1kg,E
Bashundhara F Soyabean Oil-5L,E
Bashundhara F/W Facial Tissue- 240Sheet,E
Bashundhara Gold Toilet Tissue,E
Bashundhara Khata P-BOU(K)-124 Pages,E
Bashundhara Khata P-M-SPI-204 Pages,E
Bashundhara Maida-2kg,E
Bashundhara Paper Napkin-100p,E
Bashundhara SoftToilet Tissue,E
Bashundhara Suji-500g,E
Bata Fish(Small),BATA
Batashi Fish (HB),BATASHI
Bath Sponge (Dhundul)-kg,BATH
Beef Bone Full,BEEF
Beef Italian Sausage 280gm,E
Beef Kima,BEEF
Beef Mini Samusa 250gm (Prem),BEEF
Beef Samusa,BEEF
Beef Tikia Kabab,CNF
Beef Tikka Kabab-10pcs,BEEF
Beef Without Bone Special,BEEF
Bele Fish (Big)-(MNK),BELE
Bele Fish Small,BELE
Belleame Choco Little Biscuit-45gm,E
Belleame Chocolate Fondue-180gm,E
Belleame Coconaoir-240gm,E
Belleame Cremo Biscuit- 90g,E
Belleame Digestive Biscuit- 135g,E
Belleame Dry Cake Biscuit-325gm,E
Belleame Golden Cremo Biscuit-90g,E
Belleame Toast Biscuit-250gm,E
Bengal Classic Tea- 200g (Black),E
Best Line Multi Plug -HT0034 021,EHA
Big Babol Gum-20gm,CHO
Binimoy Cartoon File -022,STA
Binimoy Cartoon File -051,STA
Binimoy Eraser-8,STA
Bio Active Goat Milk Soap-70g,TOL
Bio Active Lavello Lip Th-3.2g,COS
Biryani Scent-28ml,E
Biscuit Pizza -40gm,E
Bisk Club Potata Biscuit- 100g,E
Bisk Club Salty Salted Biscuit - 95g,E
Bismillah Hair Comb (Chiruni)- 02,ORN
Bit Salt Powder- 80g Bottle,E
Bitter Stick-50g(Cherota),HLT
Black Berry (Kalo Jam),BLACK
Black Cumin (Kalijira)-100gm,SPI
Black Fighter Max 10pis b,E
Black Pepper(Chili)-50g,SPI
Black Variety Of Salt-200gm,GRO
Blender Choice Tea 100gm,E
Blue Lady Body Spary-200ml,TOL
Blue Lady Deo Roll-On 50ml (Rasasi),E
Boal Fish (Big),BOAL
Boal Fish Medium (HB),BOAL
Boal Fish Small (HB),BOAL
Bomby Chilli-5Pcs,BOMBY
Bomby Mixed Misty Masala,GRO
Bon Appetit Slice Cheese-170gm,MCC
Bonjour Strawberry Jam-450g,E
Boot Pulse(Broken)1Kg,PUL
Borboti(kg),BORBOTI(KG)
Bottle Guard Big(Lau)-Pc,BOTTLE
Bounce Choco Cream Biscuits-32gm,CNF
Bragg Apple Cider Vinegar-473ml,CNF
Brinjal (Oval) Big-kg,BRINJAL
Brinjal (Oval) Small Red-kg,BRINJAL
Brinjal Long (Thin)-kg,BRINJAL
Brinjal Oval ( Tal Begun ) -kg,BRINJAL
Brooke Bond Taaza -100g,E
Brooke Bond Taaza Black Tea-200g,E
Brooke Bond Taaza Tea- 400gm,E
Brown Bread-300gm,BROWN
Buldak Noodles (All),CNF
Burger Bread 2pcs Pack,BURGER
Buter Halua-300g,CNF
Butter Bite-100g,E
Butter Toast Biscuit-200gm,E
C&C Exfoliating Daily Wash - 150ml,E
C.N Chicken Breaded Crispy Strips -250gm,E
C.N Chicken Garlic Meatball-250gm,E
C.N Chicken Kids Nuggets-250gm,E
C.N Chicken Nuggets-250gm,E
C.N Chicken Sausage 300gm,E
C.N Chicken Spicy Nuggets-250gm,E
C.N Plain Paratha 20pcs-1300gm,E
C.N. Chicken Spicy Lollipop-400gm,E
C.Peanut Butter Chunky-340g,C.PEANUT
C.Peanut Butter Creamy-340g,C.PEANUT
C.Tuna Vegetable Oil-165gm,CNF
CBL Munchee Choco Finger 192gm,E
CBL Munchee Choco Kalo-100g,E
CBL Munchee Choco-Mo White Chocolate100g,E
CBL Munchee Choco.Mo Biscuits-90g,E
CBL Munchee Chocolate Wafer-100g,E
CBL Munchee Chunky Choc-90g,E
CBL Munchee Cream Chocolate Wafer-200g,E
CBL Munchee Dark Chocolate Cookies-100gm,E
CBL Munchee Lemon Wafer-100g,E
CBL Munchee Nice Biscuit-230g (Premium),E
CBL Munchee P.Nice Biscuits 124g,E
CBL Munchee Stix Choc.Wafer,E
CBL Munchee Vanilla Wafer-50g,E
CBL Munchee butter Fingers-80g,E
CIF Floor Cleaner-950ml,E
CP Chicken Hot Sausage- 400g,E
CP Chicken Italian Chilli Bologna- 340g,E
CP Chicken Nugget Chili-320g,E
CP Chicken Nugget-320g,E
CP Chicken Stick-250g,E
CP Gangsters Bite Chili-250gm,E
CP Spicy Chicken Ball-500g,E
Cabbage-Pc,CABBAGE-PC
Cadbury Bourn Vita Biscuit-46.5g,CNF
Cadbury Celebration-132g,E
Cadbury Choclairs-192g,CHO
Cadbury Choclairs-196g,CHO
Cadbury Dairy Milk Roast Almond-58g,E
Cadbury Dairy Milk Silk Bubbly-17g,E
Cadbury Dairy Milk Silk Hazelnut-58g,E
Cadbury Dairy Milk Silk Plain- 150gm,E
Cake Gummy-9gm,CHO
Cake Topper-07,GFT
Calender Pineapple,CALENDER
Camay Soap Classic-125gm,E
Camel Pistachis 40gm,E
Capital Food Color-28ml,CNF
Capsicum Green,CAPSICUM
Capsicum Red/Yellow(kg),CAPSICUM
Capsicum Yellow(kg),CAPSICUM
Cardmom Big-50gm(Alachi),SPI
Cardmom-100gm(Alachi),SPI
Cardmom-50gm(Alachi),SPI
Carrot (China)-kg,CARROT
Carrot (Deshi) kg,CARROT
Casse Role With GL Lid-26cm,KHA
Cassia Leaf-100gm (Tespata),SPI
Cauliflower(B)-Pc,CAULIFLOWER(B)-PC
Center Fresh 20g,CHO
Cerelac Baby Rice Riz Milk-400g,MIL
"Cerelac Mixed Fruits & Wheat Fruits,Ble-400gm",MIL
Cerelac Wheat With 3 Fruits-400gm,E
Ch Balloon-20pcs pkt (5/23),TOY
Ch Silicone Brush Set-88(5/23),KHA
Ch Silicone Brush-09(5/23),KHA
Ch Vacuum Cup- (4/23),KHA
Ch Water Pot M- (4/23),KHA
Ch Water Pot-500ml (4/23),PLA
Ch. City BusToy (Pata)-793(6/23),TOY
Ch. Cookware-28cm(05/23),KHA
Ch. Cutting Board(05/23),KHA
Ch. Green Majuni 5Pcs Set (05/23),KHA
Ch. Ice Tray(05/23),PLA
Ch. Lunch Box (05/23),KHA
Ch. P. Hanger (4/23),PLA
Ch. Pencil Box (4/23),STA
Ch. Scissors F-312-241(6/23),KHA
Ch. Tawa-30cm(05/23),KHA
Ch. Tiffin Box(05/23),KHA
Ch. Water Pot-1000ml(05/23),PLA
Ch.Animal Toys-701(5/23),TOY
Ch.Ceramic Mug-Y11(4/23),CRO
Ch.Coffee Mug-(4/23),CRO
Ch.Hanger 5 Pcs Set-6106 (4/23),PLA
Ch.Lead Knob JM-8016(5/23),KHA
Ch.Pencil Bag (4/23),STA
Ch.S.Kitchen Chimta (5/23),KHA
Ch.Spoon Set 6 Pcs-(5/23),KHA
Ch.Vacuum Cup-KL140(4/23),KHA
Ch.Vegetable/Fruits Peeler (5/23),KHA
Chaad Febrick Brightener-50ml,E
Chaka Advanced Ball Soap-125gm,E
Chaka Washing Powder-1000g,E
Champignons Mushrooms Whole-400gm,CNF
Champion Toothbrush,E
Chanachur(Special)-300gm,E
Chanachur(Special)-350gm,E
Chashi Aroma.Chinigura Rice-2kg,E
Chashi Aromatic Chinigura Rice-1Kg,E
Chat Masala-40gm,E
Cheese Puffs-18g,E
Cheesy Bites-40gm,E
Chepa Shutki-100gm,FIS
Chi. Mini Fans-CS109(4/23),EHA
Chia Seed (Dana) New-100g,HLT
Chicken (B-Skin Less),CHICKEN
Chicken (B-Skin),CHICKEN
Chicken (Deshi),CHICKEN
Chicken Boneless-Kg,CHICKEN
Chicken Burger Patty-240gm,E
Chicken Deshi (Pakistani) Cock,CHICKEN
Chicken Deshi Cock (Live),CHICKEN
Chicken Jali Kabab 10pcs- 300g,E
Chicken Kima-Kg,CHICKEN
Chicken Meat Ball-250gm,E
Chicken Mini Samusa 250gm (Prem),CHICKEN
Chicken Nuggets-250g (Box & Poly),E
Chicken Samosa 25Pcs - 250gm,E
Chicken Samosa-250gm,E
Chicken Sausage-350gm,E
Chicken Soup (Deshi),CHICKEN
Chicken Spring Roll,CHICKEN
Chicken Spring Roll - 250gm,E
Chicken Spring Roll 10pcs,CHICKEN
Chicken Strips-250gm,E
Chicken Tikia Kabab,CHICKEN
Chicken Tikka Kabab-10Pcs,CHICKEN
Chicken Wings & Drumsticks- 500g,E
China Air Bou Toy(05/23),TOY
China Animal Set-05/23,TOY
China Animals Toy- (4/23),TOY
China Baby Football-(5/23),SPT
China Baby Rabit Toy (5/23),TOY
China Baby Stiker (4/23),STA
China Basin Brush (4/23),PLA
China Body Majuni (05/23),PLA
China Burger Set-05/23,TOY
China Cake Mould-(11/21),PLA
China Can Opener (5/23),KHA
China Car Toy(05/23),TOY
China Carpet Brush (4/23),PLA
China Ceramic Mug T10(4/23),CRO
China Clay Toy- (4/23),TOY
China Cloth Clip 16.P Set (5/23),PLA
China Cloth Clip with Rope(05/23),PLA
China Coffee Mug-(4/23),CRO
China Doll Toy(05/23),TOY
China Duck Car Toy(05/23),TOY
China Firni Set-6Pcs(4/23),CRO
China Floor Brush (4/23),PLA
China Floor Mat (4/23),KHA
China Flower (4/23),GFT
China Foam Majuni (4/23),PLA
China Football-(5/23),SPT
China Fox Toy- (4/23),TOY
China Fry Pan-26cm (5/23),KHA
China Glass Jar (5/23),CRO
China Glass Stand (5/23),KHA
China Green Majuni(4/23),KHA
China Hair Band -(5/23),ORN
China Hair Clip-(5/23),ORN
China Hair Punch Clip-(5/23),ORN
China Hook (05/23),PLA
China Jhilmil Majuni (4/23),KHA
China Jug 1.3L(5/23),CRO
China Kata Ball(05/23),TOY
China Kitchen Scissors-HY-5003B-021(5/23),KHA
China Kitchen piller-04,KHA
China Kitchen piller-15,KHA
China Knife Set-(5/23),KHA
China Knife Sharpner (05/23),KHA
China Knife(5/23),KHA
China Lunch Box 6556 (5/23),KHA
China Lunch Box 8539(5/23),KHA
China Magic Slate -(5/23),STA
China Measurement Cup 500ml(5/23),CRO
China Medicine Box(5/23),PLA
China PVC Ball (5/23),TOY
China Paposh (4/23),KHA
China Party Balloon-20pcs (4/23),TOY
China Peanut-200gm Pkt,CNF
China Plate Stand (5/23),KHA
China Plate Stand-YZ-021A(05/23),KHA
China Punch Clip(05/23),ORN
China Rain Coat R100(4/23),GFT
China Relax Bait- 50gm,INS
China Remote Car (5/23),TOY
China Singal Bati BJ2327 (4/23),CRO
China Small Rabbit Toy (06/23),TOY
China Soap Case(05/23),PLA
China Soft Ball (4/23),TOY
China Spoon 6pcs Set(05/23),KHA
China Steel Majuni Single-(4/23),KHA
China Stell Majuni - 4 pcs set (4/23),KHA
China Tawa 30cm(5/23),KHA
China Toilet Brush (4/23),PLA
China Toy(05/23),TOY
China Vacuum Cup-(4/23),KHA
China Water Bottle (5/23),PLA
Chira-500g,GRO
Chitol Fish Medium-(MNK),CHITOL
Chitol Fish-(MNK),CHITOL
Chocolate Cream Wafer Biscuit C&D-70gm,E
Chocolate Digestive 145gm,E
Chocolate Rice Cake Dec-50g,SPI
Chola Pulse-1kg,PUL
Chopstick Bar-B-Q Noodles-8Packs,E
Chopstick Deshi Masala Noodles- 12pcs,E
Chopstick Desi/Yumy Masala Noodles-4pack,E
Chowa Gamsa-521,TEX
Chowa Gamsa-75,TEX
Chui Jhall-100g,GRO
Chui Pitha-200gm,CHUI
Chupa Chups Can-345ml,BEV
Churi Shutki Big-200gm,FIS
Cinnamon-100g (Daruchine),SPI
Cinnamon-200g (Daruchine),SPI
Cinthol Health+ Soap-100g(Buy 3 Get1 Free),TOL
Clariss Neem Face Wash-100ml,E
Clariss Pomace Olive Oil -1L,E
Classic Toothbrush,E
Clean & Clear (Aqua Splash)-50ml,E
Clean & Clear Tub-100ml,COS
Clean&Clear Lemon Fresh F/W - 100ml,E
Clean&Clear Morning E Berry B F/W-100ml,E
Clear Anti Hairfall Shampoo- 330ml,E
Clear Complete Active Care Shampoo-330ml,E
Clear Men Cool Menthol-170Ml,E
Clinic Plus Shampoo-340ml,E
Close Up Cool Mint Toothpaste-145g,E
Close-Up Menthol Fresh-160g,E
CloseUp Toothpaste-100g,E
Closeup Green-100gm,E
Clove Lobongo-50g,SPI
Coca Cola (Rasa Asli) 320ml,BEV
Coca Cola Classic 320ml (Can),BEV
Coca Cola-2.25Lt(Pet),E
Coca Cola-600ml(Pet),E
Cock Roast (Deshi)-PC,COCK
Cocola Anarkali Toast Biscuits-200g,E
Cocola Butter Delight Biscuits- 250g,E
Cocola Champion Biscuits-65g Choco,E
Cocola Chicken Noodles-180g,E
Cocola Egg & Chicken Noodles - 500gn,E
Cocola Egg Noodles-170g,E
Cocola Egg&Chicken Noodles-Family Pack,E
Cocola Salty Salted Bscuits- 100g,E
Cocola Wafer Roll Jar-325gm,E
Coconut Craze-250gm,E
Coconut Powder (Cake Decoration)-50g,SPI
Coffee Maker- 011,KHA
Coke Org /250 ml,E
Colgate Active Salt Paste-200g,E
Colgate Charcoal Clean Toothpaste-120g,E
Colgate Herbal Toothpaste-100gm,E
Colgate Max Fresh B Gel -150g,E
Colgate Max Fresh Toothpaste- 100ml All,TOL
Colgate Plax Com Care-250ml,E
Colgate Sttong Toothpaste-175gm,E
Colgate Total Toothpaste-120gm,E
Colour Me Body Spray-150ml (Pop Art),COLOUR
Comfort-2Ltr,DTR
Complan Chocolate - 350gm Box,E
Confidence Salt-1Kg,E
Confume Hair Color 1N Black- 120gm,E
Coriander Leaf PCS,CORIANDER
Coriander Leaf Pcs-100gm,CORIANDER
Coriander Powder(100gm),E
Coriender-200gm,SPI
Corn Flakes Real Honey- 300,E
Cosco Soap 30gm,TOL
Cosco Soap-80gm,TOL
Cotton Bud 120pcs Flat,E
Cotton Buds-200pcs,BAB
Cow Lever-K,COW
Cow Stomach-K,COW
Crazy Premium Coup Spoon,E
Cream Crackers Sug Free-125g,E
Crocodile Underware- 08,UGR
Crystal Bowl 2.6Ltr-72110,E
Cucumber (Hybrid)-kg,CUCUMBER
Cucumber Deshi (kg),CUCUMBER
Cumin Powder(50gm),E
Cumin Powder-100gm,SPI
Cumin-100g,SPI
Cumin-200gm,SPI
Cumin-400gm,SPI
Curry Powder-100gm BIB,E
Custard Bread- 275g,CUSTARD
Custard Powder-150g,E
Cute Water Bottle-400ml,E
D Korean Ramen 3X Spicy Noodles-248gm,E
D. Chocolate Food Colour,E
D.Lexus Vegetable-240g,E
DR Ruchi mixed Fruit Jam 400gm,E
DR.West brush Original,TOL
Dabur Chyawanprash-500g,E
Dabur Gulabari Rose Water-120ml,DABUR
Dabur Herbal.P Toothpaste-160gm,E
Dabur Herbal.P Toothpaste-B1G1,TOL
Dabur Red Paste-200gm,E
Dal Puri-454gm,E
Dalos Mango Can Juice 250ml,JUC
Dalpuri,DALPURI
Dan Cake-Chocolate Dry Cake-300gm,E
Dan Cake-Chocolate Muffin 50gm,E
Dan Cake-Chocolate Swiss Roll 200gm,E
Dan Cake-Dry Cake 300gm,E
Dan Cake-Fruit Cake 220gm,E
Dan Cake-Tiramisu Plain Cake 360gm,E
Danish Condensed Milk-397gm,E
Danish Dry Cake Biscuits-350gm,E
Danish Florida Orange Biscuits-70g,E
Dano Instant -500g Pack,E
Dark Chocolate Digestive-130g,E
Dark Fantasy Cho Fills-75g,CNF
Data-Pc,DATA-PC
Delight Toast Hi Fiber-250g,E
Deshi Paratha Mini-650gm Family,E
Deshi Paratha-1600g(Mega Family Pack),E
Dettol Aloe Vera Soap-75ml,E
Dettol Alovera Soap Bar-125gm,E
Dettol Cool HW-170ml(Refil),E
Dettol Cool Soap -125gm,E
Dettol Fresh Odour protection Lemon-125g,E
Dettol HW.170ml buy 2 Get Tiffin Box Free,TOL
Dettol Lqd HW-170ml Original (Refil),E
Dettol Original Soap-125g,E
Dettol Skincare HW-170ml(Refil),E
Dettol Skincare Soap-125gm,E
Dettol Soap 75g B3 G 30tk OFF,TOL
Dettol Soap B3 Get 30tk Off- 75 gm,TOL
Dhakna,KHA
Diamond Allu Foil Paper- 46.7Cm,KHA
Diamond Aluminum Foil-37.5 ft,KHA
Diamond Foil Paper-200/60 SQ,KHA
Diamond Special Nazir Rice-kg,DIAMOND
Digestive Plain Biscuits- 120gm,E
Diploma Ins Milk Powder-1kg,E
Diploma Ins Milk Powder-400g,E
Diploma Milk Powder-500g,E
Discovery Peanut Butter S&C-510g,E
Discovery Vite 400gm - B1G1,E
Disposible Floss Tooth Picks-{BB-50006},E
Dollys Mango Pickle-200g,E
Dolphin Nata De Coco Cup(All Flv.)-270ml,BEV
Dolphin Nata Drinks-(All Flv.)350ml,BEV
Dolphin Nata de Coco Drink (All)-270gm,JUC
Doodles Chicken Masala Noodles 4 packs,E
Doodles Stick Noodles-300gm,E
Dosa Tawa -26cm,KHA
Double Milk Baby Powder- 180g,E
Doughtnut Sugar Bread-200gm,DOUGHTNUT
Dove Beauty Bar Pampering-90gm,E
Dove Beauty Bar Soap-135g (All),TOL
Dove Beauty Cream Bar- 90gm White,E
Dove Hair Fall Rescue -450ml,E
Dove Hair Fall Rescue Conditioner-170ml,E
Dove Hair Fall Rescue Shampoo-330ml,E
Dove Hair Fall Shampoo-650ml,E
Dove Healthy Ritual.G Shampoo-170ml,E
Dove Hijab Natural Shampo-330ml,E
Dove Intense Repair Shampoo-170ml,E
Dove Nourishing Secrets Shampoo- 340ml,E
Dove Shea Butter Soap-100g,TOL
Dove intense repair Conditioner-170ml,E
Dr R Lav. Hand Wash-300ml Pack,TOL
Dr R ORC. Hand Wash-300ml Pack,TOL
Dr Razes NA.E Oil Air F.Floral Oil-150g,E
Dragon Durable Coil Lemon Flavour-10Pcs,INSL
Dragon Fruits (B),DRAGON
Dream Food Colour(Blue)-28ml,E
Dream Food Colour(Orange)-28ml,E
Dream Food Colour(Red)-28ml,E
Dream Lollipop- 1pcs,CHO
Dreem Choco Food Color/Essence-28ml,E
Dreem Jelly Straw-70gm,E
Dried Chilli-200gPkt,SPI
Dry Boroi-1kg,DRY
Dry Cake 400gm(BK),E
Dry Puti Shutki 100gm,FIS
Dry Shrimp Shutki Small-100gm,FIS
Dust Black Pepper(Chili)-50g,SPI
Dust Boot (Bason)-500gm,PUL
Dust Rice(Atob)-1KG,RIC
Dust White Pepper(Chili)-50g,SPI
EBY Lemon Facewash 100ml,E
EBY Rose Water Mist Tonar 120ml,E
EM Pasta Floral-400gm,E
EM Pasta Penne-400gm,E
EM Pasta Shell Big-400gm,E
Eagle Max Hit Jumbo Mosquito Coil,E
Easy Mix Roast Masala-35g,E
Eel Fish (Baim Star)-Small,EEL
Eel Fish( Bayng)-Big (HB),EEL
Egg & Chicken Masala Noodles FG (Egg),E
Eggy Masala Noodles B2G1-400g,CNF
Energy Plus Biscuit - 62gm,E
Eon Dal Puri- 500gm,E
Eon Vegetable Singara- 400gm,E
Erko Mallow World- 150g Pkt,E
Europe Chewing Gum-13gm,CHO
Ever Glow Men Intense White FW-100ml,E
Everest Chhole masala-50gm,E
EverestGaram Masala-50gm,E
Explorer Toothbrush,E
Eye Of Arum(Tall) (Kachurmukhi)-kg,EYE
F Clarks Ess 28ml(Blue),E
F Clarks Ess 28ml(Vanilla),E
F Clarks F Color 28ml(G),E
F. C. Corn Flour-400mg(Tin),E
F.C. Whipped Topping Mix-72gm,E
FCD Castor Oil B.P-70ml,E
FE B.Day Heart Candle -001,GFT
Faber Castel Eraser 1pcs-51,STA
Face Powder Puff-FPP,COS
Facial Soft Pack Tissue -400Sheet,E
Fair & Lovely BB Cream-18g,E
Fair & Lovely G&L BB Cream-40g,E
Fair & Lovely Multi V-100g,COS
Fair&Lovely Ayurvedic Care Cream-50g,E
Fanta Grape -320ml,BEV
Fanta Orange Drink-250ml,E
Fanta Soft Drink- 600ml,E
Fanta orange-1L,E
Fantastic Biscuit,FANTASTIC
Farlin Silicon Nipple in Jar Size-L,E
Farm Fresh Butter-200gm,E
Farm Fresh Butter-200gm Box (50X4pcs),E
Farm Fresh FC Milk Powder-1kg,E
Farm Fresh Ghee 200gm,E
Farm Fresh Pasteurized Milk-1L,E
Farm Fresh Standard Milk-1L,E
Farm Fresh UHT -200ml,E
Farmland Brown Atta-1kg,E
Farmland FCMP 500g,E
Fashion Asia 3Pcs-086,SKZ
Fast Wash Detergent Powder-1000g,E
Fatema Bamboo Tray B-057,KHA
Fay Air Freshner Lime-300ml,E
Fay Facial Tis-150Pcs 300Sheets,E
Fay Multi Fold Towels - 150pcs,E
Fay Toilet tissue White-180Sheets,E
Faysal Back Drop-08,GFT
Faysal Birthday Balloons- 04,GFT
Faysal Birthday Cap-05,GFT
Faysal Candle -71,GFT
Faysal Colour Balloon-04,GFT
Faysal Fairy Wings-09,GFT
Faysal Fringe Curtain-08,GFT
Faysal LED Candle-52,GFT
Faysal Musical Iuminous Candle-051,GFT
Faysal Note Book -56,STA
Faysal Party Spray-06,GFT
Faysal Party Spray-73,GFT
Faysal Sharpner-51,STA
Faysal Wooden Puzzle -092,STA
Feeding Bottle Wash-700ml(BF-200),E
Filo Sheet(Pasty Sheet)-30Pcs,E
Finis Insect Powder-40g,INS
Finlay E. Breakfast Tea-62.5g,E
Finlay Gold Tea-100g-50Bags,E
Finlay Tea Gold-400g,E
First Choice Salted Biscuits-180g,E
First Choice-100gm,E
Fish Papor-100gm,FISH
Fit Biscuite -130gm,E
Flame Box Match-1Dozen,KHA
Flat Noodles - 180gm {C. Masala},E
Flexible Toothbrush Super Tip,E
Floor Cleaner Rajanigandha-900ml,E
Flormar Nail P. Remover 125ml (All),COS
Flush Bathroom cleaning Liquid 500ml,E
Fogg Fine RIo Wave-120ml,E
Foli Fish,FOLI
Foochka (Kacha)-200g,CNF
Food Container 930ml,E
Food Grade Colour-50g,SPI
Fortune BS ELG Basmati Rice 1kg,E
Fortune KG Mustard Oil- 250ml,E
Foster Baking Powder-110g,E
Foster Clark Lemon-750g,E
Foster Clark Mango-450g,E
Foster Clarks Mango- 250gm,E
Foster Clarks Orange-250g,E
Foster Mixed Fruit Jam-450g,E
Foxs CC Fruits Chocolate 90g,CHO
Fram Fresh Sour Curd(Yogh.) 500gm,E
Freedom Heavy Flow Wings-16pads,E
Frenchs Yellow Mustard 170gm,FRENCHS
Fresh Atta-2kg,E
Fresh Beet-Kg,FRESH
Fresh Beet-Pc,FRESH
Fresh Chinigura Rice-1kg,E
Fresh Coriander Power-100gm,E
Fresh Deshi Primium Mosur Dal-1kg,E
Fresh Energy Cookies Biscuits-80g,E
Fresh F. Tissue Perfumed 150Pcs 300Sheet,E
Fresh F. Tissue White 150Pcs 300Sheet,E
Fresh Facial Tissue 120p-240Sheet,E
Fresh Fantasy Chocolate Biscuits-75g,E
Fresh Fun Fill (Chocolate) Biscuits-44g,E
Fresh Hand Towel- 250Pcs,E
Fresh Healthy Choice S Biscuits-80g,E
Fresh Ins. Noodles Masala (B2G1)-496gm,CNF
Fresh Insta Full cream Milk Powder-500gm,E
Fresh Kitchen Towel,E
Fresh Lexus Cracers-204 gm {B2G1},CNF
Fresh Maida-2kg,E
Fresh Oyster Mushroom - 150gm,VEG
Fresh Paper Napkin 100pcs,E
Fresh Premium Tea Bag-50pcs,E
Fresh Premium Tea-400gm,E
Fresh Refined Sugar-1000gm,E
Fresh Salt Premium-1kg,E
Fresh Soyabean Oil,FRESH
Fresh Soyabean Oil-1Lt.,E
Fresh Toilet Tissue (White) Roll,E
Fresh Toilet Value Pack 4 Pcs,E
Frooto Mango Juice-500ml,E
Fruit Jam(Morobba)-200g,JAM
Fruits Wax Hair Color (Chery Red),E
Frutika Mango Fruit Drink-200ml,E
Frutika Mango Juice-250ml,E
Fry Chick Peas-200gm,FRY
Fry Pan Without Lid-16cm,KHA
Fry Pan Without Lid-22cm,KHA
Fun Crack- 50g,E
Fun Vannilla cake,E
Fun:Chocolate Pound Cake-80gm,E
Fun:vanila Pound Cake-80gm,E
Funtastic Backmans Glaze Biscuit-40gm,E
Funtastic Butter Cookies Jar -800gm,E
Funtastic Cake Cranival Box-363gm,E
Funtastic Glucoz Biscuit-45gm,E
Funtastic Hebby Energy Biscuits- 44 gm,E
Funtastic Hebby Energy Biscuits-200gm(B3G1),CNF
Funtastic Milk Mate Biscuit- 45gm,E
Funtastic Milk.M Biscuit-225gm(B3G1),CNF
Funtastic Nimok Halal Biscuit (B3G1),CNF
Funtastic Nimok Halal Biscuit-86gm,E
Funtastic Ore Cream Biscuit-43gm,E
Funtastic Ore Cream Pineapple,E
Funtastic Pineapple-200g+Cho-167g(B3G1),CNF
Funtastic Toni Toast- 210g,E
G Gatorade Sports Drink-500ml,BEV
G H Deshi Paratha(Family pack)-1300gm,E
G H. Chicken Shami Kabab - 250gm,E
G H. Premium Deshi Paratha-1300gm,E
G. Naturals Bargundy-20ml,E
G.Aer Car Freshner Lavender Bloom-10gm,E
G.Aer Car Freshner Sea Breeze-10gm(B3G1Free0,TOL
G.Aer Power Pocket GP Floral Delight-10g,E
G.Aer Power Pocket GP Fresh Blossom-10g,E
G.C.N. Cherry Reds-6.60(100ml),E
GC Instant Shine Sponge-11ml,SHA
GG Acrylic Color 12pcs- 022,STA
GG Ball Pen Matal-54,STA
GG Ereaser-02,STA
GG Exam Board -58,STA
GG Lighting Rubber Ball-56,TOY
GG Noris 1pc Pencils-5.7,STA
GG Ribbon -5,GFT
GG Sticky Notes-03,STA
GG Taj-35,GFT
GG Tully Set 6Brush-591,STA
GH Chicken Meat Ball 400g,E
GH Chicken Nuggets-300gm,E
GH French Fries-500gm,E
GH Spicy Chicken Sausage-340gm,E
GR Body Mist -200ml All,COS
GR Volume Eyeliner-6.5ml,COS
GR. Lipliner Pencil,COS
GR. Wow Nail Colour-6ml,COS
GS Matte Liquid Lipstick--7ml,E
GS Velvet Matte Lipstick-3.5g,E
Gahana Baby Clip-72,ORN
Gahana Bruj-22,ORN
Gahana Kakra Hair Clip-5,ORN
Gahona Stone Hair Band-011,ORN
Gambit Body Spary-200ml,TOL
Garden Fresh Mango Drink-1L,E
Garlic China Big-(kg),GARLIC
Garlic Powder-100g,SPI
Garnier Bright C Serum Mask- 28g,E
Garnier Bright Complete Serum Cream-45g,E
Garnier Men Tarbo Bright -50gm,E
Gatorade Drink - 600ml All,BEV
Gelatine Powder-50gm,E
Gillette Blue II Plus Razor,E
Gillette Blue-II Razor,E
Gillette Saving Foam Sensetive-418gm,E
Gillette Series Gel-195g (Moisturizing),E
Gillette Vector 6pcs,E
Ginger Barmiz-(Kg),GINGER
Ginger Powder 100g,SPI
Glass 160 ML 50 Pcs Set,E
Glow&Lovely Advanced M.V-80g,E
Gluco Max D- 200gm,E
Gluco Max D- 400g,E
Glucon-D Orange-Flavour-400g Jar,E
Glucon-D Regular- 500g Jar.,E
Godrej Hc Easy 5m Shampo Based 20ml,E
Godrej Hc Easy 5m Shampo Based 20ml N.Black,E
Godrej No.1 Sandal Soap-100g,E
Golap Jam,GOLAP
Golap Pitha-5pcs Pkt,CNF
Golda Fish XL,GOLDA
Golden Girl Nail Polish- 5ml,COS
Golden Raisin (Kismis)-200gm,SPI
Golden Raising-100gm(Kismis),SPI
Good K Adv Power Active+Combi pac-45ml,E
Good Knight Advance Cartridge,E
Good Life Mozarella Cheese-370gm,E
Good Life Mozzarella Cheese-200gm,E
Good Luck Fast Gel Pen-pcs,STA
Good Luck Forever Refill Pen,E
Gopal Ind Like Me Bra S-34 (4/23),UGR
Grape Black,GRAPE
Grape White Small (IIndian),GRAPE
Grapes (American)-kg,GRAPES
Grapes (Red),GRAPES
Grass Curp Fish-(MNK),GRASS
Grass Curp Fish-kg,GRASS
Green Chilli(kg),GREEN
Green Jack Fruit,GREEN
Green Mango(kg),GREEN
Green Papaya(kg),GREEN
Green Park Mushrooms Whole-425gm,E
Green Pumpkin-pc,GREEN
Greens(Data Shak)-Pc,GREENS(DATA
Gulsha Fish(Small)-(HB),GULSHA
H & S Anti Hairfall Shampoo-180ml,E
H&S A D Shampoo Smooth & Silky- 180ml,E
H&S Black Bourbon Biscuts-100g,CNF
H&S Shampoo & Conditioner 2 In 1-340ml,E
H&S Shampoo Anti Hair Fall 2in1 - 180ml,E
H. Kacha Fuska-200g,E
H.Black Pepper Powder-30gm,E
H.Purifying Neem F/W-150ml,E
HIT Cockroach Aerosol- 625ml,E
HIT Cockroaches Aerosol 400ml,E
HIT Cockroaches Spray 200ml,E
HIT Mosquitoes Aerosol- 475ml (50TK Off),E
HIlsha Extra Small-Pcs,HILSHA
HP 750+LYS 500ml,TOL
HRC Clevedon Tea-400gm Poly,E
HRC Clone Tea-400gm Poly,E
Haiko Agar Agar-30g,E
Haiko Baking Powder- 150g,E
Haiko Baking Soda-40gm,E
Haiko Ice Cream Powder-160gm,E
Haiko Kewra Essence- 25ml,E
Haiko Mace Powder-20g,E
Haiko Tasting Salt-100gm,E
Hand Fan,TOY
Haribo Goldbears Candy-30gm,E
Haribo Happy Cola Candy- 160g,E
Haribo Happy Grapes Candy- 80g,E
Haribo Peaches Candy- 80g,E
Haribo Starmix Candy- 80g,E
Harpic 1L B2 get 50tk Off,TOL
Harpic 1Ltr + Lizol 1Ltr -60TK Off,TOL
Harpic 750ml Buy 2 Get 40tk Off,TOL
Harpic All in one Powder-400gm,E
Harpic D Shurokkha Offer- 20tk Off,TOL
Harpic Manik Jor 750+500ml,TOL
Harpic Power Plus Toilet Cliner-1000ml,E
Harpic Power T.Clen-750ml (Original),E
Harpic Power-500ml,E
Harpic Total Powder-400gm,E
Harpoon Toilet Cleaner- 750ml,E
Hat Elbow Pasta- 500gm,E
Hat Tortolino Macaroni -500gm,E
Hawlader Sunglass-09,GFT
Hazrat Ali Cheese Bakorkhani-400gm,HAZRAT
Hazrat Mozzarella Cheese- 250gm,HAZRAT
Hide & Seek BiscuitsChoco chip C.Sandwiches 120g,CHO
Hilsha Fish Big-(MNK)-Pcs,HILSHA
Hilsha Fish Large- 1Kg+,HILSHA
Hilsha Fish XL-kg,HILSHA
Hilsha Fish(Small)-Pcs(Sajah),HILSHA
Hilsha Fish-M (Kg),HILSHA
Hilsha Fish-Medium-Pcs,HILSHA
Hilsha Fish-XL-(MNK)-Pcs,HILSHA
Himalaya Anti-Dandruff S&M Shampoo-375ml,E
Himalaya Face Wash (Blueberry)- 100ml,E
Himalaya Face Wash (Peash)- 100ml,E
Himalaya Glow Rose F/W-100ml,E
Himalaya Neem Face Wash-50ml,E
Himalaya Power Glow F/W-100ml,E
Hit Chalk-1pcs,INS
Hit Mosquitoes Aerosol 800ml(90tk Off),E
Horlicks -400gm,E
Horlicks Classic Malt-450gm,MIL
Horlicks Classic Malt-500gm BIB,E
Horlicks Womens Plus 400g Jar,E
Horlicks lite Jar-400g,E
Hot Mug,KHA
Hot Pot-,KHA
Hot Pran Tomato Sauce-500gm,E
Hubba Bubba Bubble Gum -35g,CHO
Hubba Bubba Mega Gum-56gm,CHO
Hup Seng C Cracker - 225g,CNF
I S Ladies Taies- 051,BDR
IDC Kelloggs Chocos 250g,E
IDC Kelloggs Chocos-385g,E
IDC Kelloggs Oats- 400g,E
IDC Pringles Original-134g,E
IGLOO 1Ltr (Strawberry Sparkle),E
IGLOO 1Ltr.(Choco Cheers),E
IGLOO Cake 1Ltr.,E
Ifad B2 Nutri Bites G1 Cheesy Bites-180g,CNF
Ifad Choco Kaju Butr Fr Orng-820g,CNF
Ifad Eggy Inst. Mas Noodles-400g B2G1,CNF
Ifad Eggy Inst. Noodles B2G1,CNF
Ifad Kaju+Cho+D-220g B3 G1 Orange Free,CNF
Ifad Milk Biscuits,E
Ifad Muri Toast - 350gm,E
Ifad Plain Toast-350g,E
Ifad Stick Toast-350g,E
Ifad Tost 3pcs Combo (Save40),CNF
Iko S.F Digestive Biscuts-178g,CNF
Imperial Leather Soap-115g,TOL
Imperial Leather Soap-200g,TOL
Improved Jet- 200gm Pack,E
Improved Jet- 200gm Poly Pack,E
Islam Water Filter-5,PLA
Ispahani Butterful Biscuit- 75g,E
Ispahani Lexus Biscuit-150g,E
Ispahani Premium Green Tea-70g,E
Isubgool Pack-100g,HLT
Isubgool Pack-200g,HLT
Isubgool Pack-50g,HLT
"Italiano 10"" Coup Plate",E
Italiano Apple Cider Vinegar- 500ml,E
J.B.Hair Oil-100ml (India),E
J.P ST Side Clip-JSC10,ORN
Jafran,HLT
Jet Classic Detergent -1000gm Ploy,E
Jhatpat Deshi Paratha (20P)-1300g,E
Jhatpat Paratha Low Fat-10Pcs,E
Jhatpot Mini Samosa-250gm Chicken,E
Jhinga(kg),JHINGA(KG)
Jhok Mok Dish Wash Bar 100g B3 G1,DTR
Jhok Mok Dishwash Bar 300gmB2 get 100gm Free,DTR
Jimmy Chocolate - 80gm,CHO
Jimmy Lollipop Chocolate- 11g,E
Jodi Chicken Frankfurter-300g,FRO
Jodi Chicken Sausage-300g,FRO
Johnsons Baby Cream Milk-100ml,TOL
Johnsons Baby Lotion- 100ml,COS
Johnsons Milk Rice Baby Lotion- 100ml,TOL
Jordan Clean Between Toothbrush,E
Jordan Clean Smile Toothbrush,E
Jordana Lip Liner 0.85g,COS
Jugol Chutney-300gm,E
Jui Coconut Oil Tin-200ml,E
Jui Coconut Oil(Plastic)350ml,E
Julies LLW.Cube Cheesy Duo150g,E
Julies LLW.Cube Choc Hazelnut150g,E
Jumbura Medium,JUMBURA
Junior Horlicks-500g,MIL
K Grisbi Biscuit-250gm,E
K.S Kemei Hair Trimmer-KM236,EHA
KS Pearl Moti Mala-07,ORN
KSF Mozzarella Cheese - 250gm,MCC
KW.S False Nails-LL,ORN
Kaalar Steam Basmati Rice -1kg,E
Kabab Sugar-50gm,SPI
Kachki Fish (THR),KACHKI
Kachki Shutki-100gm,FIS
Kaikka Fish (Sea),KAIKKA
Kaikka River-Kg,KAIKKA
Kakrol(kg),KAKROL(KG)
Kalpana Korai,KALPANA
Kamal Mushroom Whole-420g,CNF
Kamranga,KAMRANGA
Kamrul Fridge Cover-022,PLA
Kamrul Oven Cover-051,PLA
Karfu Fish Big,KARFU
Kath Badam-100g,CNF
Kath Badam-50gm,CNF
Katol Fish (Small)-(MNK),KATOL
Katol Fish Big,KATOL
Katol Fish XL-(River),KATOL
Katol Fish XXL (Kata),KATOL
Katol Fish big-(MNK),KATOL
Katol River Fish XL-(Kata),KATOL
Kaveri Mehendi Cone 2pcs -25g,E
Kazi & Kazi Black Tea-80gm,E
Kazi & Kazi Green Tea-60gm,E
Kazi & Kazi MasalaTea-50g,TEA
Kazi Aloo Puri-450,E
Kazi Chicken Nuggets Original-250g,E
Kazi Chicken Samosa-250g,E
Kazi Chicken Sausages (Spicy)-340gm,E
Kazi Chicken Sausages Plain-340gm,E
Kazi Chicken Shami Kabab - 200gm,E
Kazi Chicken Spring Roll-250g,E
Kazi French Fries-500g,E
Kazi Plain Paratha 10Pcs- 650gm,E
Kazi Spicy Chicken Meat Balls-250g,E
Kelloggs Chocos -110g,E
Kelloggs Chocos-1.15 Kg,E
Kelloggs Special Original- 290g,E
Kelloggs Special Original-455gm,E
Kewra / Rose Water,CNF
Khaleque Chocolate Mold-07,PLA
Khaleque Pudding Bati-031,KHA
Khondoker Fuler Jharu-56,KHA
Khondoker Sholar Jharu-02,KHA
Kiam Karai (Bakelite)-26cm,KHA
Kiam Press Cooker (Classic) -4.5L,KHA
Kinder Joy Chocolate-20g (girls),KINDER
Kings Sunflower Oil-1Ltr,E
Kinley Club Soda -600ml,E
Kishwan Chocolate Cookies-250gm,E
Kishwan Continental Cookies Tin-900gm,E
Kishwan Fiore Cookies -300gm,E
Kishwan Ghee Toast-200g,E
Kishwan Jhal Chanachur-250g,E
Kishwan Lexus Biscuit-216g (B2G1),CNF
Kishwan Ovaltin Biscuits-350gm,E
Kishwan Sugar Free Cookies Bis-300gm,E
Kishwan Toast-250gm,E
Kit Kat B3 Get Tk 5 Off-17.7g,CHO
Kit-Kat 2 Finger- Dubai-3 In 1,E
Knorr Chefs CFCM-75g,E
Knorr Chicken Hot & Sour Soup- 28g,E
Knorr Classic Thai Soup-12g,E
Knorr Soup-24gm,E
Knorr Thai Soup- 28g,E
Kodomo Baby Bath-100ml,TOL
Kodomo Baby Bath-200g,TOL
Kodomo Baby Lotion-200ml,COS
Kodomo Baby Shampoo-100ml All,TOL
Kodomo Head To Toe Wash-100ml,TOL
Kodomo Head To Top Wash-200ml,TOL
Koi Fish Big (HB),KOI
Koko Krunch-300gm,E
Koko Krunch-70gm,E
Kolson Macarony-200gm All Flv.,E
Kolson Special Lascha-200g,E
Kolson Vermicelli-200g,E
Koral Fish(Big),KORAL
Korolla(Big)-kg,KOROLLA(BIG)-KG
KurKure Chili Chatka 37gm,E
KurKure Cream & Onion 37gm,E
KurKure Masala Manch 37gm,E
KurKure Naughty Tomato 37gm,E
Kurkure Chilli Chatka-80g,E
Kurkure Naughty Tomato- 80g,E
Kurkure Style Spicy Chicken-80gm,E
Kurmuure Classic Chanachur-300g,E
Kwality Korian Handkerchief-KH,TEX
Kwality Q. Make Up Puff,COS
L.A Girl Pro. Conceal HD- 3pcs,COS
Lachchha Shemai-200gm,E
Lactogen-3 BIB-350gm,E
Lacys Aluminium Foil(45cmx7.6m)-37.5SFt,E
Ladies Finger (Vendi)-kg,LADIES
Lafz Hair Shampoo-200ml,TOL
Lafz Kav.Body Spray-100gm,TOL
Lafz Musky Calm Deodorant-50ml,E
Lafz Ocean Crest Deodorant-50ml,E
Laita Shutki-200g,FIS
Laitta Fish,LAITTA
Lakme Eyeconic Kajal,COS
Lakme Kajal Eye Co Nic-0.35g,COS
Lakme Perfecting L Foundation-27ml,COS
Lal Atta Roti -800gm,E
Lamia Color Ribbon-03 (4/23),GFT
Lamia Hot Wheels Car Toy- 551,TOY
Lamia Number Candle-53 (4/23),GFT
Lamia Oil Pastel 12Colors-011,STA
Lamia Sharpner-51,STA
Lassa Special Semai-500g(Pkt),E
Lati Thik(Kg),LATI
Latina Basli Seed Drink Cocktail (All Flv.)-290ml,BEV
Latina Orange Juice-1L,E
Latkon Fruits,LATKON
Lattafa Air Freshener-300ml (Pure Oudi),E
Layerr Shot Red Stalion BS-135Ml,E
Layerr Wottagirl Haven B Spray-135ml,E
Legion Henna Powder-100gm Box,E
Lemon Bright Dish Wash 250ml B2 G1,DTR
Lemon Bright Liquid Dishwash B2G1 -500Gm,DTR
Lemon Elachi-Pc,LEMON
Lemon Kagoji-Pc,LEMON
Lemon White Detergent Powder B3G1 -500Gm,DTR
Lemon White Detergent Powder-1kg,E
Lemon(Colombo)-Pc,LEMON(COLOMBO)-PC
Lemu 250ml Pet,E
Lexus Veg.Cracker Biscuit-240g,E
Lexus Vegetable Biscuits (Buy2 Get1),CNF
Lichu Pitha Box-200gm,LICHU
Lifeboy Lemon Fresh-150gm,E
Lifeboy Liquid Hand Wash(Lemon F)-170ml,E
Lifeboy Liquid Total Hand Wash-1L,E
Lifebuoy Care Hand Wash-200ml,E
Lifebuoy Germ Protection Carer -150gm,E
Lifebuoy Handwash Care -170ml,E
Lifebuoy Handwash Lemon Fresh-200ml,TOL
Lifebuoy Health Soap (Mild) Care-100g,E
Lifebuoy Health Soap Lemon Fresh-100g,E
Lifebuoy Health Soap Total-100g,E
Lifebuoy Lemon Hand Wash-200ml,E
Lifebuoy Liquid Care Hand Wash-170ml,E
Lifebuoy Liquid Total Hand Wash-170ml,E
Lifebuoy Liquid Total Handwash -170ml,E
Ligion Active Cone Mehedi-35g,E
Lilac Brightening Face Wash- 120ml,E
Linseed (Tishi)-250g,SPI
Lipton Green Tea 25 Bags- 35gm (Lemon),E
Livon Hair Serum 100ml,E
Lizol Citrus-1000ml,E
Lizol Floral -1000ml,E
London Boy Vest M-18,UGR
London Boy Vest S / M / L -08,UGR
Longkou Rice Vermicelli- 250g,CNF
Loreal Hair Wax Hard-150ml,TOL
Loreal Infallible Mattifying Base-30ml,COS
Lotus Sun Block SPF-40 100gm,E
Lusni 4Pcs Big,KHA
Lux Fragrant Skin Body Wash-245ml,E
Lux Gardenia Blossom Soap- 170g,TOL
Lux Jasmine & Vitamin E Soap-150g,E
Lux Rose Soap-150gm,E
Lux Skin Detox Body Wash-245ml,E
Lux Soft Glow -35g (4pcs Combo),TOL
Lux Soft Glow Jasmine Soap-75gm,E
Lux Soft Glow Soap-100g,E
Lux Soft Skin Body Wash-245ml,E
Lux Velvent Glow Jasmine Soap-100gm,E
Lux Velvet Glow Soap-100g,E
M & M Gems Chocolate - 45g,CHO
MP Baby Hair Clip -52,ORN
MP Baby Hair Clip -63,ORN
MP Hair Clip-02,ORN
MP Hair Kakra Band- 33,ORN
MP Hair Kakra Clip -081,ORN
MP Hijab Pin -61,ORN
MP Safety Pin -01,ORN
MP Thai Hair Kakra -03,ORN
MP Thai Kakra Clip-022,ORN
Ma SS Glass -501,KHA
Ma SS Glass -57,KHA
Ma Steel Bowl -56,KHA
Ma Steel Mug-031,KHA
Maccoffee Original-50g Jar,E
Mace (Jotric) -50g,SPI
Madhuban Oval Paan Masla,GRO
Madina Azoa VIP Dates-500gm,MADINA
Madina Azoa VIP Dates-kg(Loose),MADINA
Madina VIP Morium Dates -Kg(Loose),MADINA
Madina VIP Morium Dates-1kg,MADINA
Madina VIP Morium Dates-500gm,MADINA
Maggi 2min Masala-248g (Jumbo),E
Maggi 2min Masala-620g (Sumo),E
Maggi Cooking Sauce-200ml,CNF
Maggi Healthy Soup Veg(4pcs combo),CNF
Maggi Healthy Soup-25g,E
Maggi Healthy Thai Soup-35g,E
Maggi Hot Cup Instant Soup 4Pcs Combo,CNF
Maggi Masala Noodles 12Pcs-744g,E
Maggi Masala Noodles Family Pack-992gm,E
Maggi Noodles Masala Blast-252g 4Pack,E
Maggi Noodles Masala Blast-504g 8 Pack,E
Maggi Noodles Masala Taste-496g,E
Maggi Saad -E -Magic S Mix-48g,E
Maggi Sauce-680ml,CNF
Maggi Soup 4Pcs Combo {All},CNF
Maggi Soup Thai- 35g 4Pcs Combo,CNF
Maggi Vegetable Soup 25g(B3G1),CNF
Maggi Vegetable Soup 4Pcs-25gm,CNF
Magica Choco Fills Cookies Biscuit-220gm,E
Magur Fish (THR),MAGUR
Magur Fish Process (kg),MAGUR
Malta (Yellow)-kg,MALTA
Maltova BIB Pack 400gm,E
Mama Chicken Flavour Noodles-248gm,E
Mama Creamy Chocolate-110gm,E
Mama Hot & Spicy Cup Noodles-62g,E
Mama Hot Noodles-496g,E
Mama Masala Noodles-496g,E
Mama Shrim Tom Yum Noodles-60g,E
Mama Shrimp Flavour Noodles-248g,E
Mama Spicy Seafood Cup Noodles-65g,E
Mama Tomyum Cup Noodles-62g,E
Mama Vagina Gamsa-701,TEX
Man Kanchu(Deshi) 1Pc,MAN
Mango Banana,MANGO
Mango Bari-4-kg,MANGO
Mango Fazli,MANGO
Mango Gobindo Vog,MANGO
Mango Hari Vanga-Kg,MANGO
Mango Himsagor (Special)-kg,MANGO
Mango Himsagor-kg,MANGO
Mango Langra,MANGO
Mango Rupali (Special)-kg,MANGO
Mango(Gopal Bhog),MANGO(GOPAL
Marks Cookies & Cream Flavour - 200ml,E
Marks FCMP-1Kg(F.Pack),E
Marks FCMP-500gm(F. Pack),E
Marks Full Cream Milk Powder-1Kg Tin,E
Marks Milk Shake AS-125,E
Marks Milk Shake AS-200ml,E
Mars Chocolate -51g,CHO
Marshmallow-100gm,CHO
Maskalai Pulse-1Kg,PUL
Master Hair Band -021,ORN
Matador i-teen Pen-6pcs,STA
Maybellin Colossal Kajal-0.35g,COS
Meant Leaf (Pudina Leaf)- Pc,MEANT
Mediplus Advanced Gum Care Tooth Brush,E
Mediplus DS Toothpest-90g,E
Mediplus Gel Paste-100gm,E
Mediplus T/P -140gm DS,E
Mediplus Tooth Paste-140gm,E
Mediplus Toothpast-70g,E
Melbourne S. Slices Cheese-200g,MCC
Memory Chanachur-400gm,MEMORY
Memory Chingri Monekka- 200gm Pkt,E
Memory Jhinuk Pitha Pkt-200gm,E
Memory Juri Vaja Packet-200gm,E
Memory Masala Badam 200g,E
Memory Muruli PKT-200gm,E
Memory Narikel Chira-100gm,E
Memory Sweet Pitha Box,E
Memory Til Papri-40gm,E
Mens Glow & Handsome-100g,E
Mentos Fruit Flavour,CHO
Mentos Rainbow -37.8g,CHO
Meril Baby Lotion-100ml,E
Meril Baby T.Paste+Brush 45gm,E
Meril Baby Toothbrush (Panda),E
Meril Baby Top To Toe Wash -200ml,E
Meril Milk & Rose Soap 100gm,E
Meril Milk Beli Soap-150gm,E
Meril Milk Soap 100gm,E
Meril Nail /P Remover-40ml,E
Meril Splash Milk & Kiwi Soap-100gm,E
Meril Splash Milk Soap-100gm,E
Meril Splash milk & beli Soap-100gm,E
Meringue Marshmallow S Cookie - 65gm,CHO
Methi Powder 100gm,SPI
Methi-100Gm,SPI
Microwave Cover - 09,PLA
Milk Bread Small-300gm,MILK
Milk Marie Biscuit- 210g,E
Milk Marie-285gm,E
Milk Merry Biscuits-240gm,E
Milk Pan (Bakelite)-16cm,KHA
Milk Soft Candy- 50g,CHO
Milk Soft Chewy Candy(B2-G1 Free)- 50g,CHO
Milk Vita (Ghee)-200g,E
Milk Vita Butter-200g,MCC
Milk Vita FC Milk Powder-1kg,E
Milk Vita IFCMP Milk Powder-500gm,E
Milk Vita Labang-250ml,E
Milk Vita Liquid Milk-1Ltr,MIL
Milk Vita Matha-250ml,E
Milk Vita Sour Curd-500gm,E
Milky Bar Moould B-3(10 Tk off) -12.5g,E
Milo Ball-330gm,E
Mini Burger Bread-4pcs 160gm,MINI
Mini Singara-600g,E
Minister Bright Wash Detergent-1000gm,E
Minister One Wash Detergent Lemon-500gm,E
Mirjapur Best Leaf-100gm,E
Mirzapore BOP-500gm,E
Mirzapore Best Leaf Tea-400g,E
Mirzapore Best Leaf-200gm,E
Mirzapur Tea Bag-100gm,E
Miss & Mrs Kajal-.35g,COS
Miss & Mrs Nail Polish-15ml,COS
Miss & Mrs. Velvely Matte Lipstick 2.8g,COS
Misti Sob-100gm,SPI
Mixed Fruit Box - 250g,MIXED
Mixed Herbs- 10g,SPI
Mixed Masalla-100gm,SPI
Mixed Powder Masalla-100gm,SPI
Mixed Pulse-500gm,PUL
Mixed Vegetable (Kg),MIXED
Miyako Rice Cooker MRC-918,EHA
Miyako Sandwitch Maker SW-219M,EHA
Mmeory Salt Monekka Pkt-200g,E
Moha Shole-(XXL),MOHA
Mohaz Head Phone C-100-061,MOB
Mojo Cola Can 250ml,E
Mojo Naga Can 250ml,E
Mola Fish (THR),MOLA
Mola Shutki-100gm,FIS
Monia Lock RTG Cont 200ml-917837,E
Monia Lock Rtg Container 1450ml-917828,E
Monty Ballon 100p-021,GFT
Morium Speacial Date-1kg,E
Morium Special Dates-Kg(Loose),MORIUM
Morium Super Dates- Kg(Loose),MORIUM
Mothercare Baby Top To Toe Wash - 300ml,E
Motor Vaja-15g,E
Motor Vaja-30g,E
Mountain Dew-600ml Pet,E
Mountan Dew-250ml Can,E
Mouse Glue Trap,INS
Mr Noodles Cup -40gm,E
Mr. Energy Instant Biscuit-240gm,E
Mr. N Chow Mein Stick Noodles B2 G1,CNF
Mr. Noodles Korean S Spicy- 248gm,E
Mr. Noodles Magic Masala- 28pcs,E
Mr. Potato 160g(Org),E
Mr. White Detergent Powder 500g B3 G1,DTR
Mr. White Detergent Powder- 2kg,E
Mr.Cookie- 39gm Small,E
Mr.Cookie-Family Pack 275gm,E
Mr.Energy Biscuits-85gm,E
Mr.Noodles Chi-8pcs-496gm,E
Mr.Noodles Easy Masala-8pcs,E
Mr.Noodles Easy-12Pcs,E
Mr.Noodles easy instant 16pkt 62gm,E
Mrigel Fish Big-(MNK),MRIGEL
Mrigel Fish M,MRIGEL
Mrigel Fish XL-(River),MRIGEL
Mug Cover-202A,PLA
Mug Cover-205A,PLA
Mug Pulse (Sona)-1kg,PUL
Mug Pulse (Sona)-500gm,PUL
Mum Drinking Water-5L,E
Mun Lexus Biscuits Cho Cream-225g,E
Munchys Lexus Cho Biscuit - 200g,CNF
Music S C Feeding Bottle (01101)-240ml,E
Muslim Chira Vaza-200g,MUSLIM
Muslim Chirar Moya-20Pcs,MUSLIM
Muslim D Khurma-200g,MUSLIM
Muslim Dal Vaza-200g,MUSLIM
Muslim Fish Papor-100g,MUSLIM
Muslim Fry Chick Peas-200g,MUSLIM
Muslim Fuljhuri Pitha,MUSLIM
Muslim Jhal Monekka-200g,MUSLIM
Muslim Jhal Nimki-200g,MUSLIM
Muslim Jhinuk-200g,MUSLIM
Muslim Masala Badam-100g,MUSLIM
Muslim Moogdal Vaza-200g,MUSLIM
Muslim Muri Moya-12Pcs,MUSLIM
Muslim Muruli -200g,MUSLIM
Muslim Soft Monekka-200g,MUSLIM
Muslim Soft Nimki-200g,MUSLIM
Muslim Till Naru-1 Box,A
Muslim White Peanut-100g,MUSLIM
Musroom Whole-425gm,E
Mustard Powder-50gm,E
Musur Pulse Deshi-1Kg,PUL
Musur Pulse Deshi-1Kg (Loose),MUSUR
Musur Pulse Kangaroo -1Kg (sp),PUL
Mutton,MUTTON
Mutton (Head),MUTTON
Mutton (Lever),MUTTON
Mutton (Special)-Kg,MUTTON
Mutton(1),MUTTON(1)
N.W. Roasted Salted Peanut- 50gm,E
NAJ Special Toast Biscuits -300gm,E
NAJ baby Toast Biscuits -300gm,E
NAJ salted Biscuits -400gm,E
NJ Fresh Sweet Potato- 500g,VEG
Nababi Bakerkhani (Sweeten)- 400g,NABABI
Nag Fruits-kg,NAG
Nan Optipro 4-350gm,E
Nankhatai Biscuit-200g,E
Naples Mayonnaise-170ml,E
Naspati(kg),NASPATI(KG)
Natural Loofah Sponge M -533,HLD
Nescafe 3in1-6Pcs-15g,COF
Nescafe Classic Coffee-50gm,COF
Nescafe Classic Jar-25gm,E
Nescafe Creamy Latte- 6Pcs-18g,COF
Nescafe Original Can-240ml,BEV
Nescafe Original Coffee-200g,COF
Nestle Kit Kat 4Finger Chocolate- 36.5g,E
Nestle KitKat White Chocolate-41.5g,CHO
Nestle Kitkat Chocolate- 41.5g,CHO
Nestle Milo-400g,MIL
Nestle Nan Opti Pro 6-12 months,E
Net Pumpkin (Jali Kumra)-Pc,NET
Neutrogena Refreshingly C F Wash- 200ml,E
Nido FCMP BIB-350g,E
Nido FCMP BIB-700gm,E
Nido Growing Milk 1+ BIB - 350gm,E
Nivea B.Lotion Intensive Moisture-400ml,E
Nivea Bodi Milk Shea Smooth- 400ml,E
Nivea Creme - 30ml,NIVEA
Nivea Lemon Shower Gel-250ml,E
Nivea Men Roll On FA-50ml,NIVEA
Nivea Soft Berry Cream-50ml,NIVEA
No-Kroach -8gm,INS
Nocilla Cocoa Spread-190g(cho),E
Nona Hilsha Shutki,NONA
Noodles Masala-35g,E
Noret 28,MED
Nut Meg 50g(Joy Fall),SPI
Nut Walker C Nut Thai Lime & Chili -130g,E
Nut Walker C Nuts R Salted -120g,E
Nut Walker Pistachios Dry R Salted -240g,E
Nutella 50 mg,TAB
Nutella-180g,NUTELLA-180G
Nutkao D S Cocoa & Hazelnuts-200g,E
Nutmeg Powder-20g,E
Nutrilife Cranberry Fruit Magic-1Ltr,E
Nutty Biscuits- 250g,E
ONN Mens Vest-001,UGR
Oat Krunch Dark Cho-208gm,E
Oat Krunch Nutty Cho-208gm,E
Oat Krunch Strawberry&Black -208gm,E
Odofresh Toilet Cleaner-500ml,E
Odomos Mosquito Cream-100g,E
Odonil Air Freshner B2 G1-75g,TOL
Odonil Air Freshner Jasmine Mist- 48gm,E
Odonil Air Freshner Lavender Meadows- 48gm,E
Odonil Air Freshner-50g Combo (40 OFF),E
Olay T.E.Regular Cream-20gm,E
Olio Orolio Massage Oil-150ml,E
Olivs Oils Land E Virgin Olive Oil-250ml,E
Olympic Battery (Metalic)UM-3-1pcs,EHA
Olympic Biscoti Cookies-80gm,E
Olympic C.Marie Biscuits-240gm,E
Olympic Daily Toast Biscuits-210gm,E
Olympic Digestive Biscuits-110g,E
Olympic Energy Plus Malai Bis-45gm,E
Olympic Marie Gold Biscuits-190gm,E
Olympic Nutty Biscuits 80g,E
Olympic Premium Toast Biscuits-275gm,E
Olympic Salcoti Elachi Cookies-80gm,E
Olympic Saltes Biscuits-200gm,E
Olympic Saltes Classic Biscuits-50g,E
Olympic Tim Tim Orange Bis-272g,E
Olympic Tim Tim Pineapple Cream Bis-272g,E
Omega 3 Enriched Egg-12pcs-T03,E
Omega 3 Vitamin-E Egg-12pcs-T27,E
Omuda Nailcutter-2014,ORN
Omuda Silver Nailcutter-3061,ORN
Onion Deshi(New)-kg,ONION
Onion LC New,ONION
Onion Powder 100g,SPI
Onion With Leaves (Kg),ONION
"Opal Bowl Set 6""-B1",CRO
Oral B Ultra Thin Sensitive Green 2+2,E
Oral-B Criss Cross Toothbrush- B2 G1,E
Oral-B Gum Protect Tootbrush,E
Orange (China) Net-kg,ORANGE
Orange (Sa) Kg,ORANGE
Orbit Chewing Gum -4.4g,CHO
Oregano Bottle-10gm,E
Oregano Leaves- 10g,SPI
Oreo Choco Cream Biscuits-120gm,CNF
Oreo Choco Cream Biscuts-43.75gm,CNF
Oreo Choco Creme Biscuits-43.75g,CNF
Oreo Chocolate Creme-133g,E
Oreo Chocolatey S. Biscuits-113.75g,CNF
Oreo Mini Cup Biscuits-20.4g,CNF
Oreo Original Biscuits- 46.3/50gm,CNF
Oreo Original Biscuits-133g,E
Organikare Miracle Face Wash - 100gm,E
Organikare Pink Hand Wash-250ml,E
Organikare(Orange Hand Wash +Refil)Combo,TOL
Organikare(Pink Hand Wash +Refil)Combo,TOL
Orna House HIjab Orna-082,SKZ
Orna House Hijab-013,SKZ
Ossum Perfumed Body Mist-115ml (Romance),E
Owl Kanchu,OWL
P Thai Noodles Oriental B3G1-150g,CNF
P. Chicken Breast,P.
P.D Pixie Toothbrush,E
P.Drinko Float Lichi Drink-250ml,E
P.Frooto Mango Juice-250ml,E
PC Cleansing Gel All Skin-150ml,E
PC Mon Joli vernis-10ml,COS
PC P. Matte Edi. Rouge Lipstick,COS
PC Studio Nails-11.5ml,COS
Pabda Fish (Big),PABDA
Pabda Fish (Small) (HB),PABDA
Palletoss Gol Gappa 500gm,CNF
Palmolive Soap-170g,TOL
Panch Foron-100g,SPI
Pandan Kaya Bread- 225g,PANDAN
Pandene Total Damage Care Shampoo- 180ml,E
Pangas Fish Small (River),PANGAS
Pangas Fish-(Deshi),PANGAS
Pantene Shampoo-340ml (Long Black),E
Papar (Dried Ethinic Snack)-100g,PAPAR
Parachute Advanced Oil-275ml,COS
Parachute Coconut Hair Oil 100ml,COS
Parachute Coconut Hair Oil-200ml Jar,COS
Parachute Coconut Oil-350ml,COS
Parachute Just For Baby Powder 200gm,E
Parachute N Anti Hair Fall Shampoo-340ml,E
Parachute Skin Pure Aloe Vera Gel- 100ml,E
Parachute Skin Pure Olive Oil-200ml (2 in 1),E
Parashute Beli Lite 200ml,E
Parboil (Potol)-kg,PARBOIL
Parodontax Toothpaste-75gm {Ultra Clean},E
Partex Cleen Kitchen Towel-1Roll,E
Partex Cleen Toilet Tissue Super Soft,E
Pastavilla Penne Rigate Pasta- 500g,E
Pastiano Long Cut Vermicelli Semai-450gm,E
Pastiano Pasta Maja Macaroni poly -250gm,E
Patersons Shortbread Fingers-300gm,CNF
Peanut Butter Sandwich 125g,E
Pearl F Eyebrow Pencil -1.7g,COS
Pedia Sure (Vanilla Flavour) Milk -400g,E
Pepsi (Diet) 600ml,E
Pepsi-2Lt(Pet),E
Pepsodent Baby ToothPast-50gm All,TOL
Pepsodent Crcol & L Toothpowder-100g,E
Pepsodent Fresh-140g,E
Pepsodent Gremichek+ Toothpaste-100gm,E
Pepsodent Gum Care-140g,E
Pepsodent Orange Toothpaste-45g,E
Pepsodent Strawberry Toothpaste-45g,E
Perfumed Facial Tissue - 200Sheet,E
Pesta Nut-100g,CNF
Pesta Nut-50g,CNF
Peticot,TEX
Petra Resin Adhesive 50g,STA
Photo Fream-051,GFT
Piali Fish(Pachmishali),PIALI
Pigeon-1PC,PIGEON-1PC
Piller,KHA
Pillow Chocolate Chips,E
Pinch Melamine Bowl,E
Pink Salt-200g,GRO
Pistachion-50gm(Pasta Dana),SPI
Pizza Bread-225gm,PIZZA
Plain Paratha 20Pcs - 1300gm,PLAIN
Plain Sugar Bread-150gm,PLAIN
Plastic Straws 4pcs- 59,PLA
Poa Fish Small-(Deshi),POA
Poa Fish Small-(MNK),POA
Polar Butterscotch Ice Cream,E
Polar Cake - 1Ltr,E
Polar Choco Crombo Ice Cream-1ltr,E
Polar Ice Cream Chocolate-1Ltr(Tub),E
Polar Ice Cream Mango-1Ltr(Tub),E
Polar Ice Cream Vanilla-1Ltr(Tub),E
Polar Ice-Cream Kheer-1Ltr,E
Polar Ice-Cream Mango Mellow-1Ltr,E
Polar Ice-Cream Zafran Malai-1Ltr,E
Polar Premium Doi-1L,E
Polar Raffinato Mocha Ice Cream- 1L,E
Pomegranate (Mitulla)-B,POMEGRANATE
Ponds Mineral Clay Face Wash-90g,E
Ponds Oil Control Face Wash-100g,E
Ponds Pure White FW-50g,E
Ponds Super Light Gel -49g,E
Ponds White Beauty Skin Cream -50g,E
Pop Corn(Khai Bhutta)-500gm,GRO
Poppers Corn-Coco Chips-25gm,E
Potato Bogura-1kg,POTATO
Potato Deshi New-1kg,POTATO
Potato Jam,POTATO
Potato Sweet-(kg),POTATO
Pozzy Wet Wipes-120Pcs,E
Prabhuji Soan Papdi -200g,CNF
Pran Aromatic Rice-2kg,E
Pran Aromtic Rice-5kg,E
Pran Chatpati Masala(50g),E
Pran Chicken Roast Masala-35g,E
Pran Chilli Powder-100gm,E
Pran Chilli Sauce-340g,E
Pran Chocolate Milk -200ml,E
Pran Dhaka Cheese-200gm,E
Pran Drinko Float Coconut Jelly- 250ml,E
Pran Frooto Mango Juice-1Lt,E
Pran Haleem Mix 200g - B2G1,SPI
Pran Hot Tomato Sauce(1000g),E
Pran Hot Tomato Sauce-340gm,E
Pran Jhatpot Chicken sausages 250g,E
Pran Jhatpot French Fry- 500g,E
Pran Jhatpot Plain Paratha-1600g,E
Pran Jhotpot Chicken Lollipop- 400gm,E
Pran Jhotpot Tandoori Pizza- 210gm,E
Pran Lachcha Samai-200gm,E
Pran Mango Bar-10Pcs,E
Pran Mango Milk -200ml,E
Pran Mix Fruit Jam-500g,E
Pran Nazirshail Rice -5Kg,E
Pran Orange Jelly-500g,E
Pran Potata Biscult-100g (B3G1),CNF
Pran Premium Ghee(200g),E
Pran Puffed Rice-500gm,E
Pran Puffedi Rice-250gm,E
Pran Ready Fuchka-200g,E
Pran Soyabin Oil 500 ml,TAB
Pran Toast-250g,E
Pran Turmeric Powder-200g,E
Pran UHT Liquid Milk-1000ml,E
Pran UHT Milk-200ml,E
Pran Up 2Lt,E
Pran Vermicelli Samai-200gm,E
Pran Yogurt Sour Curd-500gm,E
Pran hot Tomato Sauce-1000gm Jar,E
Premio Diamond Mug - 2L All,E
Premio Queen Soap Case,E
Prince Baking Powder-150g,E
Prince Betel Spice 100gm,GRO
Prince Borhani-1.5Ltr,E
Prince Borhani-1000ml,E
Prince Borhani-2Ltr,E
Prince Bread(Special)-400g,E
Prince Bread(Suger Free)-400g,E
Prince Bread-800g (Big),E
Prince Bread-800g (Special),E
Prince Chicken Leg,PRINCE
Prince Coconut-(pcs),PRINCE
Prince Cone Mehedi,COS
Prince Corn Flour-150gm,E
Prince Cream Bread Bon,BAK
Prince Dragon Egg Noodles - 300gm,E
Prince Dubli Pulse-1kg,PUL
Prince Egg Noodles 300gm,E
Prince Fresh Eggs Red (12Pcs Box),GRO
Prince Fruits Cake(B),CNF
Prince Jhal Toast-350gm,BAK
Prince Khesari Pulse-1Kg,PUL
Prince Lacha Samai-200g(Pkt),E
Prince Mixed Pulse-1Kg,PUL
Prince Noli Toast-250g,E
Prince Orange Jelly-250gm,E
Prince Ovaltin Cake(B),CNF
Prince Peanut-500gm Pack,CNF
Prince Plain Cake(B),CNF
Prince Sour Curd-1kg,E
Prince Sour Curd-500gm,E
Prince Soya Sauce(500ml),E
Prince Special Chanachur-150gm,CNF
Prince Special Ovaltine Biscuite-400g,E
Prince Special Saltest(400g)Bk,E
Prince Square Toast-250gm,E
Prince Super Vermichelli Semai-150gm,E
Prince Sweet Toast Biscut-400gm,CNF
Prince Tanduri chick. Noodles-180gm,E
Prince Tiffin Bon,BAK
Prince Vinegar(600ml),E
Prince Vinegar-400ml,E
Pringles All-149g,CNF
Pringles Cheesy Cheese-134g IDC,E
Pringles Original-40g,CNF
Pringles Potato Crisps -158g (All),CNF
Pro-Dental Floss Pick(36Pcs),E
Prodentalb Precision Toothbrush,E
Prosperity Nodles Carrot,E
Puck Cream - 160gm,MCC
Puffed Puffed Rice-250gm,E
Pumper-57,GFT
Pure it Micro Fiber Mesh,E
Pusti Aromatic Chinigura Rice - 1000g,E
Pusti Atta -2kg,E
Pusti Deshi Red Lentils(Mushur Dal) -1Kg,E
Pusti HT Aloo Vhujia -20g,E
Pusti HT BBQ Chanachur -250g,E
Pusti HT Energy Biscuit -180g,E
Pusti HT Ghee Toast Biscuit -250g,E
Pusti HT Horlicks Biscuit -270g,E
Pusti HT Noodles M-220gm B2G1,CNF
Pusti Maida -2Kg,E
Pusti Mustard Oil-250ml,E
Pusti Soyabean Oil-1Ltr Poly,E
Pusti Soyabean Oil-5Ltr,E
Puti Fish (Deshi) (HB),PUTI
Q Chicken Crispy Meat Ball-360g,E
Q Omega 3 Enriched Egg (1 Dozen),E
Qiamlili Makeup Puff- 8438,COS
Quaker Oats- 450g Pkt,E
Quaker Oats-450gm Jar,E
Quaker Whole Oats- 700g,E
Quality Baby Cap-06,TEX
Quality Biscuts 400g Pot (Bk),E
Quality Brown Box Egg-1Dzn,E
Quality Chicken Gizzard Singara,E
Quality Dal Puri 10Pcs-450gm,E
Quality Plain Paratha 10Pcs-600gm,E
Quality Premiun Paratha 20Pcs-1300g,E
Quality Smoked Chicken Salami-200g,E
Quality Smoked Sausage-350g,E
Queens Burger Bread (BUN)- 250g,QUEENS
Queens Butter Bun- 100g,QUEENS
Queens Custard Bread- 90g,QUEENS
Queens Egg Bread- 125g,QUEENS
Queens Kaya Bread- 90g,QUEENS
Queens Nun Bread- 250g,QUEENS
Qyality Egg Red (1 Dozen),E
R. Flavouring Essence Vanilla-28ml,E
R.Chanachur Bar-b-Q-500gm,E
R.Chanachur Classic 100 gm,E
R.Chanachur Premium Mix-200g,E
R.Spices(Chilli)-100g,E
R.Spices(Turmaric)-100g,E
R.Spices(Turmeric)200gm,E
RC-Jeera Pani-250ml,BEV
RD Banana milk B2 G1-200ml,JUC
RD Chocolate Milk -200ml,E
RD Coffee Cold Milk -200ml,E
RD Coffee Milk B2 G1-200ml,JUC
RD Mango Milk (IPI)-200ml,E
RD Milk Banana-200ml,E
RD Milk Mango-200ml,E
RD Milk Strawberry-200ml,E
"RFL 12"" Rice Bowl-919862",E
RFL Bela Ruti Box Medium,E
RFL Diamond Jar-2.5L,E
RFL Diamond Mug 21-Blue,E
RFL Fkat Lid,E
RFL Globe Jar -200ml,E
RFL Globe Jar -450ml,E
RFL Lock & Like Cont 1100ml-917830,E
RFL Merina Jar 2L,E
RFL Pure Rtg Container 400ml- Assorted,E
RFL Tray 11.5,E
RFL Trim Square Container 200ml- Trans,E
RFLMonia Lock Cont Rtg-825ml,E
RICHO Printer 2023,RICHO
ROK Floor Cleaner-1000ml (Pine),E
Radhini Meat Cury Masala-100g,E
Radhini MeatCury Masala-20g,E
Radhuni Beef Curry Masala- 100gm,E
Radhuni Beef masala-25gm,E
Radhuni Biriyani Masala-40g,E
Radhuni Chatpati Masala 50Gm,E
Radhuni Chicken Masala-100gm,E
Radhuni Chilli Flakes-40gm,E
Radhuni Chilli Powder -200gm,E
Radhuni Falooda Mix Mango-250gm,E
Radhuni Falooda Mix Vanilla-250gm,E
Radhuni Firni Mix-150,E
Radhuni Fish Curry Masala-20g,E
Radhuni Fish Cury Masla-100g,E
Radhuni Garam Masala-40gm,E
Radhuni Haleem Mix 200Gm,E
Radhuni Jorda Mix-400gm,E
Radhuni Kabab Masla-50gm,E
Radhuni Kachchi Biriyani Masala-40g,E
Radhuni Kala Bhuna Masala 80gm,E
Radhuni Kasundi-285ml,E
Radhuni Kheer Mix 150gm,E
Radhuni Korma Masala- 30gm,E
Radhuni Mejbani Beef masala-68g,E
Radhuni Mustard Oil-500ml,E
Radhuni Musterd Oil 250ml,E
Radhuni Panchforon-50g,E
Radhuni Spice Coriander-200g,E
Radhuni Spices (Corinder)-100gm,E
Radhuni Spices Cumin-100gm,E
Radhuni Tehari Masala-45g,E
Radhuni Vermicili Semai -200g,E
Radish (White)-kg,RADISH
Ragu Pizza Sauce-396g,CNF
Rahad Make Up Brush Set -003,COS
Raisin Sesame Bread- 320g,RAISIN
Ramdhoni-50gm,SPI
Ramisa Chicken Chips-125g,RAMISA
Ramisa Dal Vaja-200g,RAMISA
Ramisa Diabetes Murali-200gm,RAMISA
Ramisa Fri Chick Peas-200gm,RAMISA
Ramisa Fried Cocunut-100g,RAMISA
Ramisa Jamai Pitha - 150gm,RAMISA
Ramisa Jhal Munakka-200gm,RAMISA
Ramisa Labango Pitha Box-6 Pcs,RAMISA
Ramisa Mug Dal Vaja-200g,RAMISA
Ramisa Nut(Oil)-200gm,RAMISA
Ramisa Nut(White)-200gm,RAMISA
Ramisa Papar-10Pcs,RAMISA
Ramisa- Til Papri Pkt-100gm,RAMISA-
Ramisa-Chirar Laddu Pkt-20 Pcs,RAMISA-CHIRAR
Ramisa-Fried Chira Masala Pkt-200gm,RAMISA-FRIED
Ramisa-Jhal Nimki Pkt-200gm,RAMISA-JHAL
Ramisa-Jhinuk Pitha Box-250gm,RAMISA-JHINUK
Ramisa-Murali Pkt-200gm,RAMISA-MURALI
Ramisa-Nakshi Pitha Box-4 Pcs,RAMISA-NAKSHI
Ready Koi Fish Deshi Medium,READY
Real Chocolate Wafer Roll-50gm,E
Real Strawberry Wafer Roll-50gm,E
Red Chira -500gm,GRO
Red Cow Butter Oil 200Gx24,E
Reenpark Green Peas-425gm,E
Reenpark Sweet Corn-425g,E
Refill Pen Anytime-Black (6pcs),E
Remia Garlic (All)-250ml,CNF
Remia Salad Dressing- 250ml All,CNF
ResQ-30,MED
Revival Karak Masala Chai -200g,E
Revive Powder Sun Block-200gm,E
Revive SunBlock-100ml,E
Revlon Colorsilk Light G.Brown Color 5G,E
Revlon Colorsilk Soft Black Color 1WN,E
Revlon Flex Conditioner-20FL All,TOL
Rin Advanced-1000gm,E
Rin Advanced-2kg,E
Rin Advanced-500gm,E
Rin Liquid Detergent -800ml,E
Rin Liquid-400ml,E
Rin Power Bright- 2kg,E
Roja Butterfly Shrimps- 200g,E
Roja Deshi Classic Paratha 10Pcs-650g,E
Roja Deshi Classic Paratha-1300gm,E
Roja Fish Kievs 12Pcs- 240g,E
Roja Fish Sticks 10Pcs- 240g,E
Roja Shrimp Samosa - 240gm,E
Roja Shrimp Sticks- 240g,E
Roja Shrimp Tempura- 224g,E
Rok Bleaching Powder(500g),E
Rok Handwash Apple-350ml,E
Rok Lemon Fresh Dishwashing Liquid-500ml,E
Rok Liquid Dishwash-250ml(Buy2 Get1 Free),DTR
Roma Arden Tender Bite Cookies -80gm,CNF
Rooh Afza -750ml,JUC
Rose Water-180ml,E
Roseberry Plum Dry-115g,E
Roti Chapati 20Pcs-1000g,E
Royal Club Soda-500ml,E
Royal Garden,CHO
Royal Mirage Scent-120ml,COS
Ruchi Alu-Bukhara Pickle-200g,E
Ruchi Chanachur Hot-150gm,E
Ruchi Garlic Sauce-350gm,E
Ruchi Jhal Muri-30g,E
Ruchi Mango Pickle-400g,E
Ruchi Olive Pickle-400g,E
Ruchi Orange Jam-480gm,E
Ruchi Puffed Rice-400gm,E
Ruchi Red Chilli Sauce-360gm,E
Ruchi Tomato Sauce-1000gm,E
Rui Fish (S1)-(MNK),RUI
Rui Fish (XL)-(River),RUI
Rui Fish-M-(MNK),RUI
Ruichi Garlic Pickel-200gm,E
Rupa Underwire -08,UGR
Rupchada Chinigura Rice 1kg,E
Rupchada Soyabean-3Lt(PET),E
Rupchanda Fish,RUPCHANDA
Rupchanda Soya-1Ltr(PET),E
Rupchanda Soyabean-2Lt-PET,E
Rupchanda Soyabean-5Ltr,E
Rupchanda Soyabean-8Lt,E
Rupchanda(Big)-(THR),RUPCHANDA(BIG)-(THR)
Rupchanda(Small) (THR),RUPCHANDA(SMALL)
S.Lemon Burst Antiseptic Handwash-180ml,E
S.Tanduri Chicken Noodles-180g,E
SC Biotin Shampoo With Onion Ex(B1G1free)-250ml,E
SCL Groome Eyebrrow& Facial Razor,E
SCL Lavender Essential Oil- 10ml,E
SCL Rajkonna G. Booster Face Wash-100ml,E
SDGD LED Flash Light SD-8670,EHA
SKB 3Layer Wok Glass Lid SS H-20cm,KHA
SKB Milk Pan With Handle-16cm,KHA
SKB Mixed Bowl-30cm,KHA
SKB Mug -08cm,KHA
SKB Mug-10cm,KHA
SKB Plate Both Side Mirror -24cm,KHA
SKB Rice Spoon 01,KHA
Saad Custard POwder Tin Can 150G,E
Saad Hot Tomato Sauce-500gm,E
Saad Monosodium G Foil Pack- 100g,E
Saad Sweet Chilli Sauce-340gm,E
Saad Testy Bit Salt-100gm,E
Saad Tomato Sauce-340gm,E
Safe Hand Liquid Hand Wash 180ml B2 G1,TOL
Safe Hand wash (Purpel) 300ml,E
Safety Plus Floor Cleaner Lemon -1000ml,E
Safety Plus Floor Cleaner Orchid-1000ml,E
Safety Plus Glass Cleaner Refil-350ml,E
Safety Plus hand Wash polly (B2G1)-200ml,TOL
Sagu-250g,GRO
Sajeeb Bar-B-Q Noodles-180gm,E
Sajeeb Hot Tomato Sauce-340g,E
Sajeeb Kolson Vermicelli Semai (B2G1),E
Sajeeb Mr. Chocoz-200gm,E
Sajeeb Pancake Mix-500gm,E
Sajeeb Soft Drink Powder Mango-500gm,E
Sajeeb Soft Drink Powder Orange -250gm,E
Sajeeb Soft Drink Powder Orange500g,E
Sajeeb Soya Sauce-300ml,E
Sajeeb Tomato Ketchup(340G),E
Sajeed ChocoMoo Chocolet-135g,E
Sajna(kg),SAJNA(KG)
Sakura Plum Dry-115g,E
Salmon Fire Box-1D,KHA
Salted Cashews-(B1G1free)50gm,E
Sammam Fruits -Kg,SAMMAM
Sammi Mix Fruit -330ml,JUC
Sandalina Sandal & Rose Soap-150gm,E
Sandalina Sandal Soap-125gm,E
Sanjida Knife Holder-091,KHA
Sanjida Stone Piri-058,KHA
Sanjida Wash Net-54,KHA
Sanjida Wooden Beloon-057,KHA
Sanjida Wooden Body Masaj-58,KHA
Sanjida Wooden Dabu Spoon -54,KHA
Sanjida Wooden Khunti-51,KHA
Sav.Men soap 100gm,E
Savlon Active Hand Wash-250ml,E
Savlon Aloe Vera Hand Wash- 200ml,E
Savlon Antiseptic Liquid 56ml,TOL
Savlon Antiseptic Shield Hand Wash-500ml,E
Savlon Baby Wipes 80Pcs,E
Savlon Detergent Powder-500gm,E
Savlon Freedom -8Pads,E
Savlon Freedom Heavy Flow-8Pads,E
Savlon Hand Wash Ocean Blue- 200ml,E
Savlon Lavender Hand Wash 1L,E
Savlon Lemon Burst Soap -100g,E
Savlon Liquid-1Ltr,E
Savlon Liquid-500ml,E
Savlon Soap 3Pcs 15Tk Save-100g All,E
Savlon Wet Wipes 10Pcs,E
Savory Biryani Masala-40g,E
Savory Chatpati Masala-50gm,SAVORY
Savory Haleem Mix-200gm,E
Savory Kala Bhuna Masala-80gm,E
Savory Roast Masala- 35g,E
Savoy Ice Cream 1L (Chocolate),E
Savoy Ice Cream- 100ml (Shahi Kheer),E
Savoy Ice Cream-120ml ( Butter Scotch),E
Savoy Ice Cream-120ml {Kheer Malai},E
Savoy Ice Cream-120ml {Mawa Kulfi},E
Savoy Mango Ice Creem-1/2ltr,E
Schick 2 Exacta Women-5+2,E
Scissor,STA
Secret Women Deo Roll-On 50ml (Rasasi),E
Select Plus Anti D Shampoo-75ml,E
Senora Confidence-15Pads,E
Senora S.Nap(Panty)-10s Pad,E
Senora S.Napkin Panty 15Pads,E
Sensitive Ex Pepsodent Toothpaste-80g,E
Sensodyne Daily Care Toothbrush,E
Sensodyne Deep Clean Toothbrush {B2G1},E
Sensodyne Deep Clean Toothpaste-70g,E
Sensodyne Fresh Gel Toothpaste-40g,E
Sensodyne Fresh Mint Toothpaste-75g,E
Sensodyne Rapid Relief Toothpaste-80g,E
Sensodyne Repair&Protect Toothpaste-100g,E
Sensodyne Sensitivity & Gum Toothbrush,E
Sensodyne ToothPaste Fresh Min-130g GSK,E
Sensodyne Toothbrush (Buy 2 Get 1),E
Sensodyne Toothbrush Soft,E
Sepnil FS Hand Wash Apple-180ml (Refill),E
Sepnil Hand Sanitizer Pump-40ml,E
Sepnil Hand Wash Refil-170ml,E
Sepnil Hand Wash Refil-170ml Tea Oil,E
Sepnil Sanitizing HW-170ml (B3G1),TOL
Septex Everyday anti.170ml,E
Seven Choco Bean,CHO
Seylon Family Bland Tea- 400g,E
Seylon Family Blend Tea-200g,E
Seylon Gold Bland Tea Bag- 100g,E
Seylon Pyramid Tea Bag-100gm,E
Shahi Cumin-50gm,SPI
Shakti Mango Doi 80g,E
Shakti Plain Yogurt -320g (4pcs Combo),E
Shakti Strawberry Doi-320g (4pcs Combo),E
Shammi Cranberry Juice-1L,JUC
Shammi Juice Drink (All)-250ml,JUC
Shammi Mango Juice-1L,JUC
Shamuk Pitha-Pkt,CNF
Shan Achar Gosht Masala-50g,E
Shan Biryani Masala-50gm,E
Shan Chaat Masala-100gm,E
Shan Chicken Tikka-50g,E
Shan Karachi Beef Biryani -60g,E
Shan Malay Chicken Biryani-60g,E
Sharpner -03,STA
Sharpner -22,STA
Shero Cream Biscut - 85gm,E
Shezan Corn Flakes-275gm,E
Shezan Tomato Ketchup-1Kg,E
Shinex Floor Cleaner Citrus-1000ml,E
Shing Fish-(THR),SHING
Shipon Chain-071,ORN
Shipon Ear Tops -021,ORN
Shipon Ear Tops-09,ORN
Shipon Ornaments-071,ORN
Shipon Stone Ear Ring-051,ORN
Shohel Freeze Hand Cover-09,KHA
Shokti Mango Delight(4pcs Combo)- 320g (Kids),E
Shokti Mango Yogurt-320gm (4pcs Combo),E
Shokti Misti Doi- 80g,E
Shokti Strawberry Delight- 80g (Adult),E
Shokti Strawberry Yogurt -320g (4pcs Combo),E
Shokti Vanilla Delight (4pcs Combo)-320g (Adult),E
Shole Fish Big (THR),SHOLE
Shrimp FIsh Dima Big (HB),SHRIMP
Shrimp Fish (River)kg,SHRIMP
Shrimp Fish Bagda,SHRIMP
Shrimp Fish Golda(Medium)-(STR),SHRIMP
Shrimp Fish Small (THR),SHRIMP
Shrimp Fish( Galda Small)-(TR),SHRIMP
Shrimp Fish( Galda)-(TR),SHRIMP
Silver Curp,SILVER
Sk Red Grape Juice-1L,E
Slim Soft Toothbrush,E
Smart No1 Gamsa-05,TEX
Snack Guard (Chichinga)-kg,SNACK
Snickers -50gm(Buy 2 Get 1 Free),CHO
Snickers Chocolate-50gm,E
Snickers Minis-333g,E
Sofeda,SOFEDA
Sony Alka. AAA Battery 2pcs,EHA
Sophia Astey Compact Powder- 12g,COS
Sovory Molasses Brown Sugar -454g,E
Soya Sauce-500ml,E
Spaghetti Pasta Hat - 400gm B1G1,E
Spark Water Bottle- 700ml,E
Special Chinigura Rice-1Kg,E
Special Quality Biscuit 400g Pot (Bk),E
Special Quality Cream Biscuit-400g(Bk),E
Special Sugarcan Molasses,SPECIAL
Spring Air Fershner Flora-300ml,E
Sprite Can-320ml (Malay),BEV
Sprite Org /250 ml,E
Sprite-1.25 Lt(Pet),E
Sprite-2.25Lt(Pet),E
Sprite-600ml (Pet),E
Star Masalla--50g,SPI
Starship Chocolate Milk-200ml,E
Starship Cond. Milk 397g,E
Starship FCMP-500gm (F.Pack),E
Starship Mango Fruit Drink- 125ml,E
Sticker,TOY
Strawberry Kids (4pcs Combo)- 320g,E
Strawberry Yogurt Drink UHT-125ml,E
Stute Cranberry Juice-1.5L,JUC
Sufia Comb-06,ORN
Sufia Comb-07,ORN
Sun Chips Garlic & Chili 38g,E
Sun Chips Mix Masala 80g,E
Sun Chips Mix Masala-35gm,E
Sun Chips Tomato Tango 38g,E
Sun Chips Tomato Tango-75gm,E
Sun Chips Wasabi-35g,E
Sun Hairfall Solution Shampoo-170ml,E
Sun Papor Chips-18gm,E
Sun Prawn Crackers Chips - 20gm,E
Sunfeast Bounce Biscuits-32g,CNF
Sunkist Pistachios - 150gm Pkt,E
Sunquick Orange Juice- 330ml,E
Sunshine Atta -2kg,E
Sunshine Maida -2kg,E
Sunshine Muri-500gm,E
Sunsilk Black Shine Shampoo-330ml,E
Sunsilk Conditioner-300ml,TOL
Sunsilk Hair Fall Solution Shampoo-170ml,E
Sunsilk Hijab Refresh Shampoo-330ml,E
Sunsilk Perfect Straight Sampoo-340ml,E
Sunsilk Shampoo Thick & Long-650ml,E
Sunsilk Shampoo- 300ml All,TOL
Sunsilk Thick & Long Shampoo-330ml,E
Sunsilk conditioner Perfect Straight-80m,E
Sunsilk shampoo black shine-170ml,E
Super Clay Foam-031,STA
Super Refined Naphthalene +/- 200g,INS
Super Refined Naphthalene +/- 50P,INS
Suree Fish Sauce-150ml,E
Suree Sweet Chilli Sauce-295ml,E
Surf Excel Alov Vera Wash -1000g,E
Surf Excel W Aloe Vera-1kg,E
Surf Excel With Aloe Vera wash-500g,E
Surf Exel 1KG Bye2 Get Vim 250ml Free,DTR
Swan Brand Coconut Oil-350ml,COS
Sweet Green Mango,SWEET
Sweet Pumpkin(kg),SWEET
Swetened Condensed Milk-No.1,E
Swiss Roll Strawberry Cake-375gm,SWISS
T.Ice Cool Talc-100gm,E
T.Laundry Soap-130g (Green),E
T.Twister Orange F Drink- 1.5L,BEV
THL Nano Tooth Brush,E
Taaqa Apple Juice-160ml,E
Tal Misri (Sugar Candy)-200g,SUG
Tamarind Sora Special Wrapping,TAMARIND
Tang Orange Drink Powder - 500gm {Pkt},E
Tang orange Flavoured Instant Drink Powder 75gm,E
Taslima Towel-79,TEX
Tata Tea Gold-400gm,E
Tatkini Fish River(HB),TATKINI
Tawa,TAWA
Tayas Almond S.Chocolate-700g (TIn),CHO
Tayas Magic Chocolate-700g {Tin},CHO
Taza Black Tea Bag-100g,E
Technic Mega Lash-14ml,COS
Teer Advance Fortified Oil-8Ltr,E
Teer Atta 2kg,E
Teer Fortified Soyabean Oil 3Ltr,E
Teer Haleem Mix-200gm,E
Teer Maida-2kg,E
Teer Masur Dal 1kg,E
Teer Premium Lodized Salt- 1kg,E
Teer Soya Oil 2Lt(Bottle),E
Teer Soyabean Oil-1Ltr,E
Teer Sugar-1Kg,E
Teer Suji 500gm,E
Teer Whole Wheat Atta 2Kg,E
Telapia Fish Big (THR),TELAPIA
Tengra Fish,TENGRA
Tetley Green Tea Bag- 25 {Lemon&Honey},E
Thai Guava,THAI
Thai Papaya Ripe Red Lady,THAI
Tibet 570 Soap-130gm,E
Tibet Ball Soap-130g,E
Tibet Prickly Heat Powder-100gm,E
Tip Biscuit - 60gm,E
Tip Biscuit Super Saver Pack-200gm,E
Toi Moi Cho C Wafer Biscuits-1p,E
Toi Moi Vanilla C Wafer Biscuits-18pcs,E
Tokmadana-100gm,HLT
Tokmadana-200gm,HLT
Tomato L.C(kg),TOMATO
Tomato Sour Deshi-B (kg),TOMATO
Top Tasting Salt-100g,E
Topashi Fish-(MNK),TOPASHI
Treseme B Nourish & Rep. Shampoo-580ml,E
Treseme Hair Fall Conditionar -190ml,E
Treseme Hair Fall Defense Shampoo -580ml,E
Trident S.Gum Aritical.F 14 Sticks,CHO
Trisa Flexible White Toothbrush -90010,TOL
Trisa Fresh Super C Brush-90006,TOL
Trix Lemon Soap - 125g,E
Trix Lemon Soap - 300g,E
Trix Lqd 250ml D W(Lemon),E
Tulardandy Fish Big-(MNK),TULARDANDY
Turmeric Powder(100gm),E
Twinings Green Tea-40gm,TEA
U.S.A Beauty Care Face Out Soap-120ml,TOL
UHT Chocolate Milk Drink-125ml,E
UHT Chocolate Milk-200ml,E
UHT Mango Milk-200ml,E
UHT Strawberry Milk-200ml,E
"UM Baby Plate 9.25"" UM-426",PLA
UM Spoon-303 1pis,PLA
Ultra Fruitn Yogurt Strawberry-75ml,E
Ultra Probiotic Yogurt Drink Mango-200ml,E
Universe Khata Spiral-200page,E
Universe Spiral Khata-300page,STA
Usta(kg),USTA(KG)
Vaja Maskali Pulse-1kg,PUL
Vangon Fish(Big),VANGON
Vanilla Kids (4pcs Combo)- 320g,E
Vaseline Aloe Soothe Lotion-400ml,COS
Vaseline Body Lotion 100ml,VASELINE
Vaseline Cocoa Glow Lotion- 400ml,COS
Vaseline Health White-400ml,E
Vaseline Healthy White Lotion-300ml,E
Vaseline Mosquito Defence Lotion-100ml,E
Vaseline Petrolium Jelly-100ml,COS
Vatika Enriched Coconut Hair Oil-150ml,E
Veet Cream 100g (Normal Skin),E
Vegetable Roll,VEGETABLE
Vegetable Spring Roll,VEGETABLE
Vegetable Spring Roll- 300g,E
Vermicelli Samai-200gm,E
Vim Bar 300g (Lemon),E
Vim Bar Lemon-125gm,E
Vim Dishwash Liquid- 1L,E
Vim Dishwash Liquid- 250ml,E
Vim Dishwashing Liquid- 500ml,E
Vim Dishwashing Powder-500Gm,E
Vim Liquid Dish Wash-500ml,E
Vinut Red Grape Juice 250ml,JUC
Vinyt Red Grape Juice Can-240ml,JUC
Vita Juice -250ml,JUC
Vita Orange Juice 1l,JUC
Vivel Soap-100g,TOL
Vixol Bathroom Cleaner -900ml (All),TOL
W7 Eyeliner-8ml,COS
Water Melon Black- Kg,WATER
Watermelon Banglalink - Kg,WATERMELON
Wave Air Freshner Lemon-300ml,E
Wet n Wild Max Volume Mascara-8ml,COS
Wheel 2in1 Clean & Fresh Powder-1Kg,E
Wheel Laundry Soap 125g,E
Wheel Soap -100gm,E
Whisper Ultra Nights Xl Pads,E
Whisper Ultra Nigts 15pcs,E
White Chocolate Digestive-125g,E
White Kazu Badam(Special)-100gm,CNF
White Kazu Badam-50g,CNF
White Mustard-200gm,SPI
White Pepper(Chili)-50g,SPI
White Plus Toothpaste- 80gm,E
White Tone Face Powder-30g,E
White bread Big-500gm,WHITE
White bread Small-300gm,WHITE
Wichy Organic E Virgin Coconut Oil-300ml,E
Wide S Nipple 2pcs S Hole L-22207,E
Wood Apple Big (Sorbot Bell),WOOD
Wood Apple Small (Bell),WOOD
YC Facial Scrub Papaya-175ml,E
Yardley Jasmine Perfumed.T-250g,COS
Yardly Perf.Talc Powder-250gm,COS
Yeast-100gm,SPI
Yokozona Twisty Goodness Crackers-60g,E
Yowe Oyster Sauce -510gm,CNF
Yum Muffin Cake,E
Yupi Fruit Cocltails -30gm,CHO
Yupi Gummi Pizza-56,CHO
Yupi Twin Burger-53,CHO
Yusera Hand Wash -170ml (Spain)Refill,E
ZeroCal 75s Box,E
Zerocal 25-Sachets,E
Zerocal-150gm,E
Zess Biscuits All FLV-127g,CNF
Zess Cheese Cracker-153gm,CNF
Zess Chocolate S Biscuits-264gm,CNF
Zipbag 20Bag 260mmX280mm,KHA
Zipbag Sandwich 165mmX150mm,KHA
kalibaush Fish-Big (HB),KALIBAUSH
radhuni custard powder,E
